-- phpMyAdmin SQL Dump
-- version 4.8.3
-- https://www.phpmyadmin.net/
--
-- Host: 127.0.0.1
-- Generation Time: Oct 09, 2019 at 01:15 PM
-- Server version: 10.1.36-MariaDB
-- PHP Version: 7.2.11

SET SQL_MODE = "NO_AUTO_VALUE_ON_ZERO";
SET AUTOCOMMIT = 0;
START TRANSACTION;
SET time_zone = "+00:00";


/*!40101 SET @OLD_CHARACTER_SET_CLIENT=@@CHARACTER_SET_CLIENT */;
/*!40101 SET @OLD_CHARACTER_SET_RESULTS=@@CHARACTER_SET_RESULTS */;
/*!40101 SET @OLD_COLLATION_CONNECTION=@@COLLATION_CONNECTION */;
/*!40101 SET NAMES utf8mb4 */;

--
-- Database: `ju_rms`
--

-- --------------------------------------------------------

--
-- Table structure for table `assignments`
--

CREATE TABLE `assignments` (
  `id` bigint(20) UNSIGNED NOT NULL,
  `course_id` bigint(20) UNSIGNED NOT NULL,
  `session_id` bigint(20) UNSIGNED NOT NULL,
  `teacher_id` bigint(20) UNSIGNED NOT NULL,
  `student_id` bigint(20) UNSIGNED NOT NULL,
  `assignment_no` int(11) NOT NULL,
  `marks` double(8,2) NOT NULL,
  `created_at` timestamp NULL DEFAULT NULL,
  `updated_at` timestamp NULL DEFAULT NULL
) ENGINE=InnoDB DEFAULT CHARSET=utf8mb4 COLLATE=utf8mb4_unicode_ci;

--
-- Dumping data for table `assignments`
--

INSERT INTO `assignments` (`id`, `course_id`, `session_id`, `teacher_id`, `student_id`, `assignment_no`, `marks`, `created_at`, `updated_at`) VALUES
(1, 4, 1, 1, 7, 1, 8.00, '2019-08-04 20:15:01', '2019-08-04 20:15:01'),
(2, 4, 1, 1, 8, 1, 7.00, '2019-08-04 20:15:01', '2019-08-04 20:15:01'),
(3, 4, 1, 1, 9, 1, 6.00, '2019-08-04 20:15:01', '2019-08-04 20:15:01'),
(4, 4, 1, 1, 10, 1, 3.50, '2019-08-04 20:15:01', '2019-08-04 20:15:01'),
(9, 4, 1, 1, 7, 2, 8.50, '2019-08-04 20:37:28', '2019-08-04 20:37:28'),
(10, 4, 1, 1, 8, 2, 7.50, '2019-08-04 20:37:28', '2019-08-04 20:37:28'),
(11, 4, 1, 1, 9, 2, 4.50, '2019-08-04 20:37:28', '2019-08-04 20:37:28'),
(12, 4, 1, 1, 10, 2, 4.00, '2019-08-04 20:37:28', '2019-08-04 20:37:28'),
(13, 3, 1, 1, 7, 1, 7.00, '2019-10-01 09:21:02', '2019-10-01 09:21:02'),
(14, 3, 1, 1, 8, 1, 6.00, '2019-10-01 09:21:02', '2019-10-01 09:21:02'),
(15, 3, 1, 1, 9, 1, 8.00, '2019-10-01 09:21:02', '2019-10-01 09:21:02'),
(16, 3, 1, 1, 10, 1, 7.00, '2019-10-01 09:21:03', '2019-10-01 09:21:03'),
(17, 3, 1, 1, 7, 2, 7.00, '2019-10-08 15:57:33', '2019-10-08 15:57:33'),
(18, 3, 1, 1, 8, 2, 6.00, '2019-10-08 15:57:33', '2019-10-08 15:57:33'),
(19, 3, 1, 1, 9, 2, 8.00, '2019-10-08 15:57:33', '2019-10-08 15:57:33'),
(20, 3, 1, 1, 10, 2, 7.00, '2019-10-08 15:57:33', '2019-10-08 15:57:33'),
(21, 3, 1, 1, 7, 3, 8.00, '2019-10-08 15:58:26', '2019-10-08 15:58:26'),
(22, 3, 1, 1, 8, 3, 7.00, '2019-10-08 15:58:26', '2019-10-08 15:58:26'),
(23, 3, 1, 1, 9, 3, 8.00, '2019-10-08 15:58:26', '2019-10-08 15:58:26'),
(24, 3, 1, 1, 10, 3, 8.00, '2019-10-08 15:58:27', '2019-10-08 15:58:27'),
(25, 2, 1, 1, 7, 1, 6.00, '2019-10-08 16:04:40', '2019-10-08 16:04:40'),
(26, 2, 1, 1, 8, 1, 9.00, '2019-10-08 16:04:41', '2019-10-08 16:04:41'),
(27, 2, 1, 1, 9, 1, 8.00, '2019-10-08 16:04:41', '2019-10-08 16:04:41'),
(28, 2, 1, 1, 10, 1, 5.00, '2019-10-08 16:04:41', '2019-10-08 16:04:41'),
(29, 2, 1, 1, 7, 2, 8.00, '2019-10-08 16:05:10', '2019-10-08 16:05:10'),
(30, 2, 1, 1, 8, 2, 9.00, '2019-10-08 16:05:10', '2019-10-08 16:05:10'),
(31, 2, 1, 1, 9, 2, 7.00, '2019-10-08 16:05:11', '2019-10-08 16:05:11'),
(32, 2, 1, 1, 10, 2, 4.00, '2019-10-08 16:05:11', '2019-10-08 16:05:11'),
(33, 6, 1, 7, 7, 1, 8.00, '2019-10-08 18:41:48', '2019-10-08 18:41:48'),
(34, 6, 1, 7, 8, 1, 7.00, '2019-10-08 18:41:48', '2019-10-08 18:41:48'),
(35, 6, 1, 7, 9, 1, 8.00, '2019-10-08 18:41:48', '2019-10-08 18:41:48'),
(36, 6, 1, 7, 10, 1, 7.00, '2019-10-08 18:41:48', '2019-10-08 18:41:48'),
(37, 6, 1, 7, 7, 2, 7.00, '2019-10-08 18:42:10', '2019-10-08 18:42:10'),
(38, 6, 1, 7, 8, 2, 6.00, '2019-10-08 18:42:10', '2019-10-08 18:42:10'),
(39, 6, 1, 7, 9, 2, 5.00, '2019-10-08 18:42:10', '2019-10-08 18:42:10'),
(40, 6, 1, 7, 10, 2, 9.00, '2019-10-08 18:42:11', '2019-10-08 18:42:11'),
(41, 8, 1, 7, 7, 1, 7.00, '2019-10-08 18:45:34', '2019-10-08 18:45:34'),
(42, 8, 1, 7, 8, 1, 7.00, '2019-10-08 18:45:35', '2019-10-08 18:45:35'),
(43, 8, 1, 7, 9, 1, 6.00, '2019-10-08 18:45:35', '2019-10-08 18:45:35'),
(44, 8, 1, 7, 10, 1, 8.00, '2019-10-08 18:45:35', '2019-10-08 18:45:35'),
(45, 8, 1, 7, 7, 2, 9.00, '2019-10-08 18:45:57', '2019-10-08 18:45:57'),
(46, 8, 1, 7, 8, 2, 6.00, '2019-10-08 18:45:57', '2019-10-08 18:45:57'),
(47, 8, 1, 7, 9, 2, 8.00, '2019-10-08 18:45:57', '2019-10-08 18:45:57'),
(48, 8, 1, 7, 10, 2, 6.00, '2019-10-08 18:45:58', '2019-10-08 18:45:58'),
(49, 10, 1, 7, 7, 1, 8.00, '2019-10-08 18:53:35', '2019-10-08 18:53:35'),
(50, 10, 1, 7, 8, 1, 9.00, '2019-10-08 18:53:35', '2019-10-08 18:53:35'),
(51, 10, 1, 7, 9, 1, 7.00, '2019-10-08 18:53:35', '2019-10-08 18:53:35'),
(52, 10, 1, 7, 10, 1, 8.00, '2019-10-08 18:53:35', '2019-10-08 18:53:35'),
(53, 10, 1, 7, 7, 2, 5.00, '2019-10-08 18:54:02', '2019-10-08 18:54:02'),
(54, 10, 1, 7, 8, 2, 7.00, '2019-10-08 18:54:03', '2019-10-08 18:54:03'),
(55, 10, 1, 7, 9, 2, 7.00, '2019-10-08 18:54:03', '2019-10-08 18:54:03'),
(56, 10, 1, 7, 10, 2, 7.00, '2019-10-08 18:54:03', '2019-10-08 18:54:03'),
(57, 17, 1, 7, 7, 1, 9.00, '2019-10-08 19:02:11', '2019-10-08 19:02:11'),
(58, 17, 1, 7, 8, 1, 8.00, '2019-10-08 19:02:11', '2019-10-08 19:02:11'),
(59, 17, 1, 7, 9, 1, 9.00, '2019-10-08 19:02:11', '2019-10-08 19:02:11'),
(60, 17, 1, 7, 10, 1, 7.00, '2019-10-08 19:02:11', '2019-10-08 19:02:11'),
(61, 17, 1, 7, 7, 2, 7.00, '2019-10-08 19:02:27', '2019-10-08 19:02:27'),
(62, 17, 1, 7, 8, 2, 8.00, '2019-10-08 19:02:27', '2019-10-08 19:02:27'),
(63, 17, 1, 7, 9, 2, 9.00, '2019-10-08 19:02:27', '2019-10-08 19:02:27'),
(64, 17, 1, 7, 10, 2, 8.00, '2019-10-08 19:02:27', '2019-10-08 19:02:27'),
(65, 64, 1, 7, 7, 1, 9.00, '2019-10-08 19:07:10', '2019-10-08 19:07:10'),
(66, 64, 1, 7, 8, 1, 8.00, '2019-10-08 19:07:10', '2019-10-08 19:07:10'),
(67, 64, 1, 7, 9, 1, 9.00, '2019-10-08 19:07:11', '2019-10-08 19:07:11'),
(68, 64, 1, 7, 10, 1, 5.00, '2019-10-08 19:07:11', '2019-10-08 19:07:11'),
(69, 64, 1, 7, 7, 2, 8.00, '2019-10-08 19:07:27', '2019-10-08 19:07:27'),
(70, 64, 1, 7, 8, 2, 9.00, '2019-10-08 19:07:27', '2019-10-08 19:07:27'),
(71, 64, 1, 7, 9, 2, 10.00, '2019-10-08 19:07:27', '2019-10-08 19:07:27'),
(72, 64, 1, 7, 10, 2, 8.00, '2019-10-08 19:07:27', '2019-10-08 19:07:27'),
(73, 15, 1, 1, 7, 1, 8.00, '2019-10-08 19:16:33', '2019-10-08 19:16:33'),
(74, 15, 1, 1, 8, 1, 7.00, '2019-10-08 19:16:33', '2019-10-08 19:16:33'),
(75, 15, 1, 1, 9, 1, 9.00, '2019-10-08 19:16:33', '2019-10-08 19:16:33'),
(76, 15, 1, 1, 10, 1, 8.00, '2019-10-08 19:16:33', '2019-10-08 19:16:33'),
(77, 15, 1, 1, 7, 2, 6.00, '2019-10-08 19:16:55', '2019-10-08 19:16:55'),
(78, 15, 1, 1, 8, 2, 6.00, '2019-10-08 19:16:55', '2019-10-08 19:16:55'),
(79, 15, 1, 1, 9, 2, 8.00, '2019-10-08 19:16:55', '2019-10-08 19:16:55'),
(80, 15, 1, 1, 10, 2, 4.00, '2019-10-08 19:16:55', '2019-10-08 19:16:55'),
(81, 62, 1, 1, 7, 1, 8.00, '2019-10-08 20:00:56', '2019-10-08 20:01:48'),
(82, 62, 1, 1, 8, 1, 7.00, '2019-10-08 20:00:56', '2019-10-08 20:01:48'),
(83, 62, 1, 1, 9, 1, 9.00, '2019-10-08 20:00:56', '2019-10-08 20:01:48'),
(84, 62, 1, 1, 10, 1, 8.00, '2019-10-08 20:00:56', '2019-10-08 20:01:49'),
(85, 62, 1, 1, 7, 2, 9.00, '2019-10-08 20:01:14', '2019-10-08 20:02:08'),
(86, 62, 1, 1, 8, 2, 8.00, '2019-10-08 20:01:14', '2019-10-08 20:02:08'),
(87, 62, 1, 1, 9, 2, 9.00, '2019-10-08 20:01:14', '2019-10-08 20:02:08'),
(88, 62, 1, 1, 10, 2, 9.00, '2019-10-08 20:01:14', '2019-10-08 20:02:08'),
(89, 68, 1, 1, 7, 1, 10.00, '2019-10-08 20:07:42', '2019-10-08 20:07:42'),
(90, 68, 1, 1, 8, 1, 9.00, '2019-10-08 20:07:42', '2019-10-08 20:07:42'),
(91, 68, 1, 1, 9, 1, 10.00, '2019-10-08 20:07:42', '2019-10-08 20:07:42'),
(92, 68, 1, 1, 10, 1, 10.00, '2019-10-08 20:07:42', '2019-10-08 20:07:42'),
(93, 68, 1, 1, 7, 2, 9.00, '2019-10-08 20:07:56', '2019-10-08 20:07:56'),
(94, 68, 1, 1, 8, 2, 9.00, '2019-10-08 20:07:56', '2019-10-08 20:07:56'),
(95, 68, 1, 1, 9, 2, 9.00, '2019-10-08 20:07:56', '2019-10-08 20:07:56'),
(96, 68, 1, 1, 10, 2, 8.00, '2019-10-08 20:07:56', '2019-10-08 20:07:56'),
(97, 69, 1, 1, 7, 1, 8.00, '2019-10-08 20:12:52', '2019-10-08 20:12:52'),
(98, 69, 1, 1, 8, 1, 8.00, '2019-10-08 20:12:52', '2019-10-08 20:12:52'),
(99, 69, 1, 1, 9, 1, 8.00, '2019-10-08 20:12:52', '2019-10-08 20:12:52'),
(100, 69, 1, 1, 10, 1, 7.00, '2019-10-08 20:12:52', '2019-10-08 20:12:52'),
(101, 69, 1, 1, 7, 2, 7.00, '2019-10-08 20:13:07', '2019-10-08 20:13:07'),
(102, 69, 1, 1, 8, 2, 8.00, '2019-10-08 20:13:07', '2019-10-08 20:13:07'),
(103, 69, 1, 1, 9, 2, 9.00, '2019-10-08 20:13:07', '2019-10-08 20:13:07'),
(104, 69, 1, 1, 10, 2, 8.00, '2019-10-08 20:13:07', '2019-10-08 20:13:07'),
(105, 66, 1, 2, 7, 1, 8.00, '2019-10-08 21:00:13', '2019-10-08 21:00:13'),
(106, 66, 1, 2, 8, 1, 9.00, '2019-10-08 21:00:13', '2019-10-08 21:00:13'),
(107, 66, 1, 2, 9, 1, 9.00, '2019-10-08 21:00:13', '2019-10-08 21:00:13'),
(108, 66, 1, 2, 10, 1, 7.00, '2019-10-08 21:00:13', '2019-10-08 21:00:13'),
(109, 66, 1, 2, 7, 2, 7.00, '2019-10-08 21:00:29', '2019-10-08 21:00:29'),
(110, 66, 1, 2, 8, 2, 8.00, '2019-10-08 21:00:29', '2019-10-08 21:00:29'),
(111, 66, 1, 2, 9, 2, 9.00, '2019-10-08 21:00:29', '2019-10-08 21:00:29'),
(112, 66, 1, 2, 10, 2, 5.00, '2019-10-08 21:00:29', '2019-10-08 21:00:29'),
(113, 44, 1, 2, 7, 1, 8.00, '2019-10-08 21:36:30', '2019-10-08 21:37:16'),
(114, 44, 1, 2, 8, 1, 7.00, '2019-10-08 21:36:30', '2019-10-08 21:37:17'),
(115, 44, 1, 2, 9, 1, 7.50, '2019-10-08 21:36:31', '2019-10-08 21:37:17'),
(116, 44, 1, 2, 10, 1, 7.00, '2019-10-08 21:36:31', '2019-10-08 21:37:17'),
(117, 44, 1, 2, 7, 2, 4.00, '2019-10-08 21:37:39', '2019-10-08 21:37:39'),
(118, 44, 1, 2, 8, 2, 6.00, '2019-10-08 21:37:39', '2019-10-08 21:37:39'),
(119, 44, 1, 2, 9, 2, 8.00, '2019-10-08 21:37:39', '2019-10-08 21:37:39'),
(120, 44, 1, 2, 10, 2, 7.00, '2019-10-08 21:37:39', '2019-10-08 21:37:39'),
(121, 34, 1, 2, 7, 1, 7.00, '2019-10-08 21:41:36', '2019-10-08 21:41:36'),
(122, 34, 1, 2, 8, 1, 8.00, '2019-10-08 21:41:36', '2019-10-08 21:41:36'),
(123, 34, 1, 2, 9, 1, 6.00, '2019-10-08 21:41:37', '2019-10-08 21:41:37'),
(124, 34, 1, 2, 10, 1, 4.00, '2019-10-08 21:41:37', '2019-10-08 21:41:37'),
(125, 34, 1, 2, 7, 2, 7.00, '2019-10-08 21:41:51', '2019-10-08 21:41:51'),
(126, 34, 1, 2, 8, 2, 5.00, '2019-10-08 21:41:51', '2019-10-08 21:41:51'),
(127, 34, 1, 2, 9, 2, 10.00, '2019-10-08 21:41:51', '2019-10-08 21:41:51'),
(128, 34, 1, 2, 10, 2, 8.00, '2019-10-08 21:41:51', '2019-10-08 21:41:51'),
(129, 31, 1, 2, 7, 1, 8.00, '2019-10-08 21:44:14', '2019-10-08 21:44:37'),
(130, 31, 1, 2, 8, 1, 9.00, '2019-10-08 21:44:15', '2019-10-08 21:44:37'),
(131, 31, 1, 2, 9, 1, 9.00, '2019-10-08 21:44:15', '2019-10-08 21:44:37'),
(132, 31, 1, 2, 10, 1, 8.00, '2019-10-08 21:44:15', '2019-10-08 21:44:37'),
(133, 31, 1, 2, 7, 2, 4.00, '2019-10-08 21:44:53', '2019-10-08 21:44:53'),
(134, 31, 1, 2, 8, 2, 5.00, '2019-10-08 21:44:53', '2019-10-08 21:44:53'),
(135, 31, 1, 2, 9, 2, 6.00, '2019-10-08 21:44:53', '2019-10-08 21:44:53'),
(136, 31, 1, 2, 10, 2, 7.00, '2019-10-08 21:44:54', '2019-10-08 21:44:54'),
(137, 30, 1, 2, 7, 1, 7.00, '2019-10-08 21:47:07', '2019-10-08 21:47:07'),
(138, 30, 1, 2, 8, 1, 7.00, '2019-10-08 21:47:08', '2019-10-08 21:47:08'),
(139, 30, 1, 2, 9, 1, 6.00, '2019-10-08 21:47:08', '2019-10-08 21:47:08'),
(140, 30, 1, 2, 10, 1, 4.00, '2019-10-08 21:47:08', '2019-10-08 21:47:08'),
(141, 30, 1, 2, 7, 2, 5.00, '2019-10-08 21:47:24', '2019-10-08 21:47:24'),
(142, 30, 1, 2, 8, 2, 7.00, '2019-10-08 21:47:24', '2019-10-08 21:47:24'),
(143, 30, 1, 2, 9, 2, 8.00, '2019-10-08 21:47:24', '2019-10-08 21:47:24'),
(144, 30, 1, 2, 10, 2, 6.00, '2019-10-08 21:47:24', '2019-10-08 21:47:24'),
(145, 21, 1, 2, 7, 1, 7.00, '2019-10-08 21:48:36', '2019-10-08 21:48:36'),
(146, 21, 1, 2, 8, 1, 6.00, '2019-10-08 21:48:36', '2019-10-08 21:48:36'),
(147, 21, 1, 2, 9, 1, 8.00, '2019-10-08 21:48:36', '2019-10-08 21:48:36'),
(148, 21, 1, 2, 10, 1, 8.00, '2019-10-08 21:48:36', '2019-10-08 21:48:36'),
(149, 21, 1, 2, 7, 2, 7.00, '2019-10-08 21:48:52', '2019-10-08 21:48:52'),
(150, 21, 1, 2, 8, 2, 8.00, '2019-10-08 21:48:52', '2019-10-08 21:48:52'),
(151, 21, 1, 2, 9, 2, 9.00, '2019-10-08 21:48:52', '2019-10-08 21:48:52'),
(152, 21, 1, 2, 10, 2, 8.00, '2019-10-08 21:48:52', '2019-10-08 21:48:52'),
(153, 12, 1, 2, 7, 1, 9.00, '2019-10-08 21:50:00', '2019-10-08 21:50:00'),
(154, 12, 1, 2, 8, 1, 9.00, '2019-10-08 21:50:00', '2019-10-08 21:50:00'),
(155, 12, 1, 2, 9, 1, 10.00, '2019-10-08 21:50:00', '2019-10-08 21:50:00'),
(156, 12, 1, 2, 10, 1, 10.00, '2019-10-08 21:50:00', '2019-10-08 21:50:00'),
(157, 12, 1, 2, 7, 2, 8.00, '2019-10-08 21:50:14', '2019-10-08 21:50:14'),
(158, 12, 1, 2, 8, 2, 8.00, '2019-10-08 21:50:14', '2019-10-08 21:50:14'),
(159, 12, 1, 2, 9, 2, 9.00, '2019-10-08 21:50:14', '2019-10-08 21:50:14'),
(160, 12, 1, 2, 10, 2, 9.00, '2019-10-08 21:50:14', '2019-10-08 21:50:14'),
(161, 7, 1, 2, 7, 1, 8.00, '2019-10-08 21:51:27', '2019-10-08 21:51:27'),
(162, 7, 1, 2, 8, 1, 9.00, '2019-10-08 21:51:27', '2019-10-08 21:51:27'),
(163, 7, 1, 2, 9, 1, 9.00, '2019-10-08 21:51:27', '2019-10-08 21:51:27'),
(164, 7, 1, 2, 10, 1, 10.00, '2019-10-08 21:51:27', '2019-10-08 21:51:27'),
(165, 7, 1, 2, 7, 2, 10.00, '2019-10-08 21:51:43', '2019-10-08 21:51:43'),
(166, 7, 1, 2, 8, 2, 7.00, '2019-10-08 21:51:43', '2019-10-08 21:51:43'),
(167, 7, 1, 2, 9, 2, 9.00, '2019-10-08 21:51:43', '2019-10-08 21:51:43'),
(168, 7, 1, 2, 10, 2, 5.00, '2019-10-08 21:51:43', '2019-10-08 21:51:43'),
(169, 67, 1, 6, 7, 1, 7.00, '2019-10-09 07:06:33', '2019-10-09 07:06:33'),
(170, 67, 1, 6, 8, 1, 8.00, '2019-10-09 07:06:33', '2019-10-09 07:06:33'),
(171, 67, 1, 6, 9, 1, 9.00, '2019-10-09 07:06:33', '2019-10-09 07:06:33'),
(172, 67, 1, 6, 10, 1, 10.00, '2019-10-09 07:06:33', '2019-10-09 07:06:33'),
(173, 67, 1, 6, 7, 2, 7.00, '2019-10-09 07:06:49', '2019-10-09 07:06:49'),
(174, 67, 1, 6, 8, 2, 5.00, '2019-10-09 07:06:49', '2019-10-09 07:06:49'),
(175, 67, 1, 6, 9, 2, 8.00, '2019-10-09 07:06:49', '2019-10-09 07:06:49'),
(176, 67, 1, 6, 10, 2, 7.00, '2019-10-09 07:06:49', '2019-10-09 07:06:49'),
(177, 57, 1, 6, 7, 1, 8.00, '2019-10-09 07:09:56', '2019-10-09 07:09:56'),
(178, 57, 1, 6, 8, 1, 9.00, '2019-10-09 07:09:57', '2019-10-09 07:09:57'),
(179, 57, 1, 6, 9, 1, 9.00, '2019-10-09 07:09:57', '2019-10-09 07:09:57'),
(180, 57, 1, 6, 10, 1, 8.00, '2019-10-09 07:09:57', '2019-10-09 07:09:57'),
(181, 57, 1, 6, 7, 2, 5.00, '2019-10-09 07:10:21', '2019-10-09 07:10:21'),
(182, 57, 1, 6, 8, 2, 7.00, '2019-10-09 07:10:21', '2019-10-09 07:10:21'),
(183, 57, 1, 6, 9, 2, 7.00, '2019-10-09 07:10:21', '2019-10-09 07:10:21'),
(184, 57, 1, 6, 10, 2, 9.00, '2019-10-09 07:10:21', '2019-10-09 07:10:21'),
(185, 38, 1, 6, 7, 1, 8.00, '2019-10-09 07:12:33', '2019-10-09 07:12:33'),
(186, 38, 1, 6, 8, 1, 7.00, '2019-10-09 07:12:33', '2019-10-09 07:12:33'),
(187, 38, 1, 6, 9, 1, 8.00, '2019-10-09 07:12:33', '2019-10-09 07:12:33'),
(188, 38, 1, 6, 10, 1, 7.00, '2019-10-09 07:12:33', '2019-10-09 07:12:33'),
(189, 38, 1, 6, 7, 2, 7.00, '2019-10-09 07:12:46', '2019-10-09 07:12:46'),
(190, 38, 1, 6, 8, 2, 8.00, '2019-10-09 07:12:46', '2019-10-09 07:12:46'),
(191, 38, 1, 6, 9, 2, 8.00, '2019-10-09 07:12:46', '2019-10-09 07:12:46'),
(192, 38, 1, 6, 10, 2, 8.00, '2019-10-09 07:12:46', '2019-10-09 07:12:46'),
(193, 32, 1, 6, 7, 1, 7.00, '2019-10-09 07:14:01', '2019-10-09 07:14:01'),
(194, 32, 1, 6, 8, 1, 8.00, '2019-10-09 07:14:01', '2019-10-09 07:14:01'),
(195, 32, 1, 6, 9, 1, 9.00, '2019-10-09 07:14:01', '2019-10-09 07:14:01'),
(196, 32, 1, 6, 10, 1, 7.00, '2019-10-09 07:14:01', '2019-10-09 07:14:01'),
(197, 32, 1, 6, 7, 2, 4.00, '2019-10-09 07:14:29', '2019-10-09 07:14:29'),
(198, 32, 1, 6, 8, 2, 5.00, '2019-10-09 07:14:29', '2019-10-09 07:14:29'),
(199, 32, 1, 6, 9, 2, 6.00, '2019-10-09 07:14:29', '2019-10-09 07:14:29'),
(200, 32, 1, 6, 10, 2, 7.00, '2019-10-09 07:14:29', '2019-10-09 07:14:29'),
(201, 27, 1, 6, 7, 1, 8.50, '2019-10-09 07:17:52', '2019-10-09 07:17:52'),
(202, 27, 1, 6, 8, 1, 9.50, '2019-10-09 07:17:52', '2019-10-09 07:17:52'),
(203, 27, 1, 6, 9, 1, 10.00, '2019-10-09 07:17:52', '2019-10-09 07:17:52'),
(204, 27, 1, 6, 10, 1, 7.50, '2019-10-09 07:17:52', '2019-10-09 07:17:52'),
(205, 27, 1, 6, 7, 2, 5.50, '2019-10-09 07:18:41', '2019-10-09 07:18:41'),
(206, 27, 1, 6, 8, 2, 6.00, '2019-10-09 07:18:41', '2019-10-09 07:18:41'),
(207, 27, 1, 6, 9, 2, 5.50, '2019-10-09 07:18:41', '2019-10-09 07:18:41'),
(208, 27, 1, 6, 10, 2, 7.50, '2019-10-09 07:18:41', '2019-10-09 07:18:41'),
(209, 54, 1, 3, 7, 1, 7.00, '2019-10-09 07:32:57', '2019-10-09 07:32:57'),
(210, 54, 1, 3, 8, 1, 8.00, '2019-10-09 07:32:57', '2019-10-09 07:32:57'),
(211, 54, 1, 3, 9, 1, 9.00, '2019-10-09 07:32:57', '2019-10-09 07:32:57'),
(212, 54, 1, 3, 10, 1, 10.00, '2019-10-09 07:32:57', '2019-10-09 07:32:57'),
(213, 54, 1, 3, 7, 2, 6.00, '2019-10-09 07:33:10', '2019-10-09 07:33:10'),
(214, 54, 1, 3, 8, 2, 5.00, '2019-10-09 07:33:10', '2019-10-09 07:33:10'),
(215, 54, 1, 3, 9, 2, 8.00, '2019-10-09 07:33:10', '2019-10-09 07:33:10'),
(216, 54, 1, 3, 10, 2, 7.00, '2019-10-09 07:33:10', '2019-10-09 07:33:10'),
(217, 49, 1, 3, 7, 1, 7.00, '2019-10-09 07:35:31', '2019-10-09 07:35:31'),
(218, 49, 1, 3, 8, 1, 8.00, '2019-10-09 07:35:31', '2019-10-09 07:35:31'),
(219, 49, 1, 3, 9, 1, 9.00, '2019-10-09 07:35:31', '2019-10-09 07:35:31'),
(220, 49, 1, 3, 10, 1, 5.00, '2019-10-09 07:35:31', '2019-10-09 07:35:31'),
(221, 49, 1, 3, 7, 2, 6.00, '2019-10-09 07:35:46', '2019-10-09 07:35:46'),
(222, 49, 1, 3, 8, 2, 8.00, '2019-10-09 07:35:46', '2019-10-09 07:35:46'),
(223, 49, 1, 3, 9, 2, 9.00, '2019-10-09 07:35:46', '2019-10-09 07:35:46'),
(224, 49, 1, 3, 10, 2, 5.00, '2019-10-09 07:35:46', '2019-10-09 07:35:46'),
(225, 22, 1, 3, 7, 1, 7.00, '2019-10-09 07:36:49', '2019-10-09 07:36:49'),
(226, 22, 1, 3, 8, 1, 7.00, '2019-10-09 07:36:49', '2019-10-09 07:36:49'),
(227, 22, 1, 3, 9, 1, 7.00, '2019-10-09 07:36:49', '2019-10-09 07:36:49'),
(228, 22, 1, 3, 10, 1, 7.00, '2019-10-09 07:36:49', '2019-10-09 07:36:49'),
(229, 22, 1, 3, 7, 2, 8.00, '2019-10-09 07:37:08', '2019-10-09 07:37:08'),
(230, 22, 1, 3, 8, 2, 7.00, '2019-10-09 07:37:08', '2019-10-09 07:37:08'),
(231, 22, 1, 3, 9, 2, 7.50, '2019-10-09 07:37:08', '2019-10-09 07:37:08'),
(232, 22, 1, 3, 10, 2, 6.50, '2019-10-09 07:37:08', '2019-10-09 07:37:08'),
(233, 1, 1, 3, 7, 1, 7.00, '2019-10-09 07:38:39', '2019-10-09 07:38:39'),
(234, 1, 1, 3, 8, 1, 6.50, '2019-10-09 07:38:39', '2019-10-09 07:38:39'),
(235, 1, 1, 3, 9, 1, 8.00, '2019-10-09 07:38:39', '2019-10-09 07:38:39'),
(236, 1, 1, 3, 10, 1, 7.00, '2019-10-09 07:38:40', '2019-10-09 07:38:40'),
(237, 1, 1, 3, 7, 2, 6.50, '2019-10-09 07:39:33', '2019-10-09 07:39:33'),
(238, 1, 1, 3, 8, 2, 7.50, '2019-10-09 07:39:33', '2019-10-09 07:39:33'),
(239, 1, 1, 3, 9, 2, 8.50, '2019-10-09 07:39:33', '2019-10-09 07:39:33'),
(240, 1, 1, 3, 10, 2, 7.00, '2019-10-09 07:39:33', '2019-10-09 07:39:33'),
(241, 65, 1, 8, 7, 1, 7.00, '2019-10-09 07:55:21', '2019-10-09 07:55:21'),
(242, 65, 1, 8, 8, 1, 8.00, '2019-10-09 07:55:21', '2019-10-09 07:55:21'),
(243, 65, 1, 8, 9, 1, 9.00, '2019-10-09 07:55:21', '2019-10-09 07:55:21'),
(244, 65, 1, 8, 10, 1, 7.00, '2019-10-09 07:55:21', '2019-10-09 07:55:21'),
(245, 65, 1, 8, 7, 2, 7.00, '2019-10-09 07:55:39', '2019-10-09 07:55:39'),
(246, 65, 1, 8, 8, 2, 6.50, '2019-10-09 07:55:39', '2019-10-09 07:55:39'),
(247, 65, 1, 8, 9, 2, 7.50, '2019-10-09 07:55:39', '2019-10-09 07:55:39'),
(248, 65, 1, 8, 10, 2, 5.00, '2019-10-09 07:55:39', '2019-10-09 07:55:39'),
(249, 50, 1, 8, 7, 1, 7.00, '2019-10-09 07:58:53', '2019-10-09 07:58:53'),
(250, 50, 1, 8, 8, 1, 7.00, '2019-10-09 07:58:53', '2019-10-09 07:58:53'),
(251, 50, 1, 8, 9, 1, 8.00, '2019-10-09 07:58:53', '2019-10-09 07:58:53'),
(252, 50, 1, 8, 10, 1, 7.00, '2019-10-09 07:58:53', '2019-10-09 07:58:53'),
(253, 50, 1, 8, 7, 2, 7.00, '2019-10-09 07:59:07', '2019-10-09 07:59:07'),
(254, 50, 1, 8, 8, 2, 8.00, '2019-10-09 07:59:08', '2019-10-09 07:59:08'),
(255, 50, 1, 8, 9, 2, 9.00, '2019-10-09 07:59:08', '2019-10-09 07:59:08'),
(256, 50, 1, 8, 10, 2, 8.00, '2019-10-09 07:59:08', '2019-10-09 07:59:08'),
(257, 45, 1, 8, 7, 1, 8.50, '2019-10-09 08:05:07', '2019-10-09 08:05:07'),
(258, 45, 1, 8, 8, 1, 9.00, '2019-10-09 08:05:07', '2019-10-09 08:05:07'),
(259, 45, 1, 8, 9, 1, 9.50, '2019-10-09 08:05:08', '2019-10-09 08:05:08'),
(260, 45, 1, 8, 10, 1, 7.50, '2019-10-09 08:05:08', '2019-10-09 08:05:08'),
(261, 45, 1, 8, 7, 2, 8.00, '2019-10-09 08:05:39', '2019-10-09 08:05:39'),
(262, 45, 1, 8, 8, 2, 7.00, '2019-10-09 08:05:39', '2019-10-09 08:05:39'),
(263, 45, 1, 8, 9, 2, 6.50, '2019-10-09 08:05:39', '2019-10-09 08:05:39'),
(264, 45, 1, 8, 10, 2, 5.00, '2019-10-09 08:05:39', '2019-10-09 08:05:39'),
(265, 41, 1, 8, 7, 1, 7.00, '2019-10-09 08:07:14', '2019-10-09 08:07:14'),
(266, 41, 1, 8, 8, 1, 8.00, '2019-10-09 08:07:14', '2019-10-09 08:07:14'),
(267, 41, 1, 8, 9, 1, 9.00, '2019-10-09 08:07:14', '2019-10-09 08:07:14'),
(268, 41, 1, 8, 10, 1, 10.00, '2019-10-09 08:07:14', '2019-10-09 08:07:14'),
(269, 41, 1, 8, 7, 2, 8.00, '2019-10-09 08:07:27', '2019-10-09 08:07:27'),
(270, 41, 1, 8, 8, 2, 8.00, '2019-10-09 08:07:27', '2019-10-09 08:07:27'),
(271, 41, 1, 8, 9, 2, 8.00, '2019-10-09 08:07:27', '2019-10-09 08:07:27'),
(272, 41, 1, 8, 10, 2, 8.00, '2019-10-09 08:07:27', '2019-10-09 08:07:27'),
(273, 36, 1, 8, 7, 1, 8.00, '2019-10-09 08:09:45', '2019-10-09 08:09:45'),
(274, 36, 1, 8, 8, 1, 8.00, '2019-10-09 08:09:45', '2019-10-09 08:09:45'),
(275, 36, 1, 8, 9, 1, 8.50, '2019-10-09 08:09:45', '2019-10-09 08:09:45'),
(276, 36, 1, 8, 10, 1, 7.00, '2019-10-09 08:09:45', '2019-10-09 08:09:45'),
(277, 36, 1, 8, 7, 2, 7.50, '2019-10-09 08:10:02', '2019-10-09 08:10:02'),
(278, 36, 1, 8, 8, 2, 7.00, '2019-10-09 08:10:03', '2019-10-09 08:10:03'),
(279, 36, 1, 8, 9, 2, 8.50, '2019-10-09 08:10:03', '2019-10-09 08:10:03'),
(280, 36, 1, 8, 10, 2, 7.25, '2019-10-09 08:10:03', '2019-10-09 08:10:03'),
(281, 61, 1, 9, 7, 1, 8.00, '2019-10-09 08:45:06', '2019-10-09 08:45:06'),
(282, 61, 1, 9, 8, 1, 9.00, '2019-10-09 08:45:06', '2019-10-09 08:45:06'),
(283, 61, 1, 9, 9, 1, 8.00, '2019-10-09 08:45:06', '2019-10-09 08:45:06'),
(284, 61, 1, 9, 10, 1, 7.00, '2019-10-09 08:45:06', '2019-10-09 08:45:06'),
(285, 61, 1, 9, 7, 2, 7.00, '2019-10-09 08:45:20', '2019-10-09 08:45:20'),
(286, 61, 1, 9, 8, 2, 7.00, '2019-10-09 08:45:20', '2019-10-09 08:45:20'),
(287, 61, 1, 9, 9, 2, 8.00, '2019-10-09 08:45:20', '2019-10-09 08:45:20'),
(288, 61, 1, 9, 10, 2, 7.00, '2019-10-09 08:45:20', '2019-10-09 08:45:20'),
(289, 58, 1, 9, 7, 1, 8.00, '2019-10-09 08:49:14', '2019-10-09 08:49:14'),
(290, 58, 1, 9, 8, 1, 8.00, '2019-10-09 08:49:14', '2019-10-09 08:49:14'),
(291, 58, 1, 9, 9, 1, 9.00, '2019-10-09 08:49:14', '2019-10-09 08:49:14'),
(292, 58, 1, 9, 10, 1, 7.50, '2019-10-09 08:49:14', '2019-10-09 08:49:14'),
(293, 58, 1, 9, 7, 2, 7.00, '2019-10-09 08:50:04', '2019-10-09 08:50:04'),
(294, 58, 1, 9, 8, 2, 8.00, '2019-10-09 08:50:05', '2019-10-09 08:50:05'),
(295, 58, 1, 9, 9, 2, 7.50, '2019-10-09 08:50:05', '2019-10-09 08:50:05'),
(296, 58, 1, 9, 10, 2, 6.50, '2019-10-09 08:50:05', '2019-10-09 08:50:05'),
(297, 56, 1, 9, 7, 1, 7.00, '2019-10-09 08:51:29', '2019-10-09 08:51:29'),
(298, 56, 1, 9, 8, 1, 8.00, '2019-10-09 08:51:29', '2019-10-09 08:51:29'),
(299, 56, 1, 9, 9, 1, 9.00, '2019-10-09 08:51:29', '2019-10-09 08:51:29'),
(300, 56, 1, 9, 10, 1, 8.00, '2019-10-09 08:51:29', '2019-10-09 08:51:29'),
(301, 56, 1, 9, 7, 2, 7.00, '2019-10-09 08:51:42', '2019-10-09 08:51:42'),
(302, 56, 1, 9, 8, 2, 8.00, '2019-10-09 08:51:42', '2019-10-09 08:51:42'),
(303, 56, 1, 9, 9, 2, 8.50, '2019-10-09 08:51:42', '2019-10-09 08:51:42'),
(304, 56, 1, 9, 10, 2, 9.00, '2019-10-09 08:51:42', '2019-10-09 08:51:42'),
(305, 42, 1, 9, 7, 1, 8.00, '2019-10-09 08:53:15', '2019-10-09 08:53:15'),
(306, 42, 1, 9, 8, 1, 8.00, '2019-10-09 08:53:15', '2019-10-09 08:53:15'),
(307, 42, 1, 9, 9, 1, 9.00, '2019-10-09 08:53:15', '2019-10-09 08:53:15'),
(308, 42, 1, 9, 10, 1, 7.00, '2019-10-09 08:53:15', '2019-10-09 08:53:15'),
(309, 42, 1, 9, 7, 2, 8.00, '2019-10-09 08:54:14', '2019-10-09 08:54:14'),
(310, 42, 1, 9, 8, 2, 8.00, '2019-10-09 08:54:14', '2019-10-09 08:54:14'),
(311, 42, 1, 9, 9, 2, 9.00, '2019-10-09 08:54:14', '2019-10-09 08:54:14'),
(312, 42, 1, 9, 10, 2, 8.00, '2019-10-09 08:54:15', '2019-10-09 08:54:15'),
(313, 37, 1, 9, 7, 1, 7.00, '2019-10-09 08:56:29', '2019-10-09 08:56:29'),
(314, 37, 1, 9, 8, 1, 8.00, '2019-10-09 08:56:30', '2019-10-09 08:56:30'),
(315, 37, 1, 9, 9, 1, 9.00, '2019-10-09 08:56:30', '2019-10-09 08:56:30'),
(316, 37, 1, 9, 10, 1, 5.00, '2019-10-09 08:56:30', '2019-10-09 08:56:30'),
(317, 37, 1, 9, 7, 2, 7.00, '2019-10-09 08:56:49', '2019-10-09 08:56:49'),
(318, 37, 1, 9, 8, 2, 8.00, '2019-10-09 08:56:49', '2019-10-09 08:56:49'),
(319, 37, 1, 9, 9, 2, 9.00, '2019-10-09 08:56:49', '2019-10-09 08:56:49'),
(320, 37, 1, 9, 10, 2, 7.00, '2019-10-09 08:56:49', '2019-10-09 08:56:49'),
(321, 35, 1, 9, 7, 1, 8.00, '2019-10-09 08:58:50', '2019-10-09 08:58:50'),
(322, 35, 1, 9, 8, 1, 8.00, '2019-10-09 08:58:51', '2019-10-09 08:58:51'),
(323, 35, 1, 9, 9, 1, 8.00, '2019-10-09 08:58:51', '2019-10-09 08:58:51'),
(324, 35, 1, 9, 10, 1, 9.00, '2019-10-09 08:58:51', '2019-10-09 08:58:51'),
(325, 35, 1, 9, 7, 2, 7.00, '2019-10-09 09:00:39', '2019-10-09 09:00:39'),
(326, 35, 1, 9, 8, 2, 8.00, '2019-10-09 09:00:39', '2019-10-09 09:00:39'),
(327, 35, 1, 9, 9, 2, 9.00, '2019-10-09 09:00:39', '2019-10-09 09:00:39'),
(328, 35, 1, 9, 10, 2, 7.00, '2019-10-09 09:00:39', '2019-10-09 09:00:39'),
(329, 29, 1, 9, 7, 1, 8.00, '2019-10-09 09:03:20', '2019-10-09 09:03:20'),
(330, 29, 1, 9, 8, 1, 9.00, '2019-10-09 09:03:21', '2019-10-09 09:03:21'),
(331, 29, 1, 9, 9, 1, 9.00, '2019-10-09 09:03:21', '2019-10-09 09:03:21'),
(332, 29, 1, 9, 10, 1, 8.00, '2019-10-09 09:03:21', '2019-10-09 09:03:21'),
(333, 29, 1, 9, 7, 2, 7.00, '2019-10-09 09:03:33', '2019-10-09 09:03:33'),
(334, 29, 1, 9, 8, 2, 8.00, '2019-10-09 09:03:33', '2019-10-09 09:03:33'),
(335, 29, 1, 9, 9, 2, 9.00, '2019-10-09 09:03:33', '2019-10-09 09:03:33'),
(336, 29, 1, 9, 10, 2, 7.00, '2019-10-09 09:03:33', '2019-10-09 09:03:33'),
(337, 26, 1, 9, 7, 1, 8.00, '2019-10-09 09:04:29', '2019-10-09 09:04:29'),
(338, 26, 1, 9, 8, 1, 9.00, '2019-10-09 09:04:29', '2019-10-09 09:04:29'),
(339, 26, 1, 9, 9, 1, 8.00, '2019-10-09 09:04:29', '2019-10-09 09:04:29'),
(340, 26, 1, 9, 10, 1, 5.00, '2019-10-09 09:04:29', '2019-10-09 09:04:29'),
(341, 26, 1, 9, 7, 2, 5.00, '2019-10-09 09:04:42', '2019-10-09 09:04:42'),
(342, 26, 1, 9, 8, 2, 7.00, '2019-10-09 09:04:42', '2019-10-09 09:04:42'),
(343, 26, 1, 9, 9, 2, 9.00, '2019-10-09 09:04:42', '2019-10-09 09:04:42'),
(344, 26, 1, 9, 10, 2, 7.00, '2019-10-09 09:04:42', '2019-10-09 09:04:42'),
(345, 52, 1, 10, 7, 1, 8.00, '2019-10-09 09:24:59', '2019-10-09 09:24:59'),
(346, 52, 1, 10, 8, 1, 8.00, '2019-10-09 09:24:59', '2019-10-09 09:24:59'),
(347, 52, 1, 10, 9, 1, 9.00, '2019-10-09 09:24:59', '2019-10-09 09:24:59'),
(348, 52, 1, 10, 10, 1, 7.00, '2019-10-09 09:24:59', '2019-10-09 09:24:59'),
(349, 52, 1, 10, 7, 2, 9.00, '2019-10-09 09:25:13', '2019-10-09 09:25:13'),
(350, 52, 1, 10, 8, 2, 8.00, '2019-10-09 09:25:13', '2019-10-09 09:25:13'),
(351, 52, 1, 10, 9, 2, 7.00, '2019-10-09 09:25:13', '2019-10-09 09:25:13'),
(352, 52, 1, 10, 10, 2, 5.00, '2019-10-09 09:25:13', '2019-10-09 09:25:13'),
(353, 47, 1, 10, 7, 1, 7.00, '2019-10-09 09:28:12', '2019-10-09 09:28:12'),
(354, 47, 1, 10, 8, 1, 8.00, '2019-10-09 09:28:13', '2019-10-09 09:28:13'),
(355, 47, 1, 10, 9, 1, 9.00, '2019-10-09 09:28:13', '2019-10-09 09:28:13'),
(356, 47, 1, 10, 10, 1, 8.00, '2019-10-09 09:28:13', '2019-10-09 09:28:13'),
(357, 47, 1, 10, 7, 2, 8.00, '2019-10-09 09:28:26', '2019-10-09 09:28:26'),
(358, 47, 1, 10, 8, 2, 9.00, '2019-10-09 09:28:26', '2019-10-09 09:28:26'),
(359, 47, 1, 10, 9, 2, 9.00, '2019-10-09 09:28:26', '2019-10-09 09:28:26'),
(360, 47, 1, 10, 10, 2, 8.00, '2019-10-09 09:28:26', '2019-10-09 09:28:26'),
(361, 43, 1, 10, 7, 1, 9.00, '2019-10-09 09:30:20', '2019-10-09 09:30:20'),
(362, 43, 1, 10, 8, 1, 8.00, '2019-10-09 09:30:20', '2019-10-09 09:30:20'),
(363, 43, 1, 10, 9, 1, 7.00, '2019-10-09 09:30:20', '2019-10-09 09:30:20'),
(364, 43, 1, 10, 10, 1, 9.00, '2019-10-09 09:30:20', '2019-10-09 09:30:20'),
(365, 43, 1, 10, 7, 2, 7.00, '2019-10-09 09:30:35', '2019-10-09 09:30:35'),
(366, 43, 1, 10, 8, 2, 8.00, '2019-10-09 09:30:35', '2019-10-09 09:30:35'),
(367, 43, 1, 10, 9, 2, 9.00, '2019-10-09 09:30:35', '2019-10-09 09:30:35'),
(368, 43, 1, 10, 10, 2, 8.00, '2019-10-09 09:30:35', '2019-10-09 09:30:35'),
(369, 39, 1, 10, 7, 1, 5.00, '2019-10-09 09:33:06', '2019-10-09 09:33:06'),
(370, 39, 1, 10, 8, 1, 6.00, '2019-10-09 09:33:06', '2019-10-09 09:33:06'),
(371, 39, 1, 10, 9, 1, 7.00, '2019-10-09 09:33:06', '2019-10-09 09:33:06'),
(372, 39, 1, 10, 10, 1, 5.00, '2019-10-09 09:33:07', '2019-10-09 09:33:07'),
(373, 39, 1, 10, 7, 2, 5.00, '2019-10-09 09:33:18', '2019-10-09 09:33:18'),
(374, 39, 1, 10, 8, 2, 5.00, '2019-10-09 09:33:18', '2019-10-09 09:33:18'),
(375, 39, 1, 10, 9, 2, 6.00, '2019-10-09 09:33:18', '2019-10-09 09:33:18'),
(376, 39, 1, 10, 10, 2, 4.00, '2019-10-09 09:33:18', '2019-10-09 09:33:18'),
(377, 33, 1, 10, 7, 1, 5.00, '2019-10-09 09:34:15', '2019-10-09 09:34:15'),
(378, 33, 1, 10, 8, 1, 5.00, '2019-10-09 09:34:15', '2019-10-09 09:34:15'),
(379, 33, 1, 10, 9, 1, 6.00, '2019-10-09 09:34:15', '2019-10-09 09:34:15'),
(380, 33, 1, 10, 10, 1, 4.00, '2019-10-09 09:34:15', '2019-10-09 09:34:15'),
(381, 33, 1, 10, 7, 2, 7.00, '2019-10-09 09:34:29', '2019-10-09 09:34:29'),
(382, 33, 1, 10, 8, 2, 5.00, '2019-10-09 09:34:29', '2019-10-09 09:34:29'),
(383, 33, 1, 10, 9, 2, 6.00, '2019-10-09 09:34:29', '2019-10-09 09:34:29'),
(384, 33, 1, 10, 10, 2, 7.00, '2019-10-09 09:34:29', '2019-10-09 09:34:29'),
(385, 28, 1, 10, 7, 1, 5.00, '2019-10-09 09:36:24', '2019-10-09 09:36:24'),
(386, 28, 1, 10, 8, 1, 5.00, '2019-10-09 09:36:24', '2019-10-09 09:36:24'),
(387, 28, 1, 10, 9, 1, 5.00, '2019-10-09 09:36:24', '2019-10-09 09:36:24'),
(388, 28, 1, 10, 10, 1, 5.00, '2019-10-09 09:36:24', '2019-10-09 09:36:24'),
(389, 28, 1, 10, 7, 2, 5.00, '2019-10-09 09:36:36', '2019-10-09 09:36:36'),
(390, 28, 1, 10, 8, 2, 6.00, '2019-10-09 09:36:36', '2019-10-09 09:36:36'),
(391, 28, 1, 10, 9, 2, 5.00, '2019-10-09 09:36:36', '2019-10-09 09:36:36'),
(392, 28, 1, 10, 10, 2, 2.00, '2019-10-09 09:36:36', '2019-10-09 09:36:36'),
(393, 24, 1, 10, 7, 1, 6.00, '2019-10-09 09:37:48', '2019-10-09 09:37:48'),
(394, 24, 1, 10, 8, 1, 6.00, '2019-10-09 09:37:48', '2019-10-09 09:37:48'),
(395, 24, 1, 10, 9, 1, 6.00, '2019-10-09 09:37:48', '2019-10-09 09:37:48'),
(396, 24, 1, 10, 10, 1, 6.00, '2019-10-09 09:37:48', '2019-10-09 09:37:48'),
(397, 24, 1, 10, 7, 2, 5.00, '2019-10-09 09:38:04', '2019-10-09 09:38:04'),
(398, 24, 1, 10, 8, 2, 5.00, '2019-10-09 09:38:04', '2019-10-09 09:38:04'),
(399, 24, 1, 10, 9, 2, 5.50, '2019-10-09 09:38:04', '2019-10-09 09:38:04'),
(400, 24, 1, 10, 10, 2, 5.00, '2019-10-09 09:38:04', '2019-10-09 09:38:04'),
(401, 19, 1, 10, 7, 1, 7.00, '2019-10-09 09:40:02', '2019-10-09 09:40:02'),
(402, 19, 1, 10, 8, 1, 8.00, '2019-10-09 09:40:02', '2019-10-09 09:40:02'),
(403, 19, 1, 10, 9, 1, 9.00, '2019-10-09 09:40:02', '2019-10-09 09:40:02'),
(404, 19, 1, 10, 10, 1, 7.00, '2019-10-09 09:40:02', '2019-10-09 09:40:02'),
(405, 19, 1, 10, 7, 2, 7.00, '2019-10-09 09:40:15', '2019-10-09 09:40:15'),
(406, 19, 1, 10, 8, 2, 7.00, '2019-10-09 09:40:15', '2019-10-09 09:40:15'),
(407, 19, 1, 10, 9, 2, 7.00, '2019-10-09 09:40:15', '2019-10-09 09:40:15'),
(408, 19, 1, 10, 10, 2, 7.00, '2019-10-09 09:40:15', '2019-10-09 09:40:15'),
(409, 9, 1, 10, 7, 1, 8.00, '2019-10-09 09:41:04', '2019-10-09 09:41:04'),
(410, 9, 1, 10, 8, 1, 8.00, '2019-10-09 09:41:04', '2019-10-09 09:41:04'),
(411, 9, 1, 10, 9, 1, 9.00, '2019-10-09 09:41:04', '2019-10-09 09:41:04'),
(412, 9, 1, 10, 10, 1, 7.00, '2019-10-09 09:41:04', '2019-10-09 09:41:04'),
(413, 9, 1, 10, 7, 2, 9.00, '2019-10-09 09:41:16', '2019-10-09 09:41:16'),
(414, 9, 1, 10, 8, 2, 8.00, '2019-10-09 09:41:16', '2019-10-09 09:41:16'),
(415, 9, 1, 10, 9, 2, 7.00, '2019-10-09 09:41:16', '2019-10-09 09:41:16'),
(416, 9, 1, 10, 10, 2, 5.00, '2019-10-09 09:41:16', '2019-10-09 09:41:16'),
(417, 40, 1, 11, 7, 1, 7.00, '2019-10-09 10:08:56', '2019-10-09 10:08:56'),
(418, 40, 1, 11, 8, 1, 8.00, '2019-10-09 10:08:56', '2019-10-09 10:08:56'),
(419, 40, 1, 11, 9, 1, 8.00, '2019-10-09 10:08:56', '2019-10-09 10:08:56'),
(420, 40, 1, 11, 10, 1, 7.00, '2019-10-09 10:08:56', '2019-10-09 10:08:56'),
(421, 40, 1, 11, 7, 2, 8.00, '2019-10-09 10:09:11', '2019-10-09 10:09:11'),
(422, 40, 1, 11, 8, 2, 9.00, '2019-10-09 10:09:11', '2019-10-09 10:09:11'),
(423, 40, 1, 11, 9, 2, 9.00, '2019-10-09 10:09:11', '2019-10-09 10:09:11'),
(424, 40, 1, 11, 10, 2, 7.00, '2019-10-09 10:09:11', '2019-10-09 10:09:11'),
(425, 23, 1, 11, 7, 1, 7.00, '2019-10-09 10:10:08', '2019-10-09 10:10:08'),
(426, 23, 1, 11, 8, 1, 7.00, '2019-10-09 10:10:09', '2019-10-09 10:10:09'),
(427, 23, 1, 11, 9, 1, 8.00, '2019-10-09 10:10:09', '2019-10-09 10:10:09'),
(428, 23, 1, 11, 10, 1, 7.00, '2019-10-09 10:10:09', '2019-10-09 10:10:09'),
(429, 23, 1, 11, 7, 2, 8.00, '2019-10-09 10:10:19', '2019-10-09 10:10:19'),
(430, 23, 1, 11, 8, 2, 7.00, '2019-10-09 10:10:19', '2019-10-09 10:10:19'),
(431, 23, 1, 11, 9, 2, 5.00, '2019-10-09 10:10:19', '2019-10-09 10:10:19'),
(432, 23, 1, 11, 10, 2, 8.00, '2019-10-09 10:10:19', '2019-10-09 10:10:19'),
(433, 18, 1, 11, 7, 1, 8.00, '2019-10-09 10:12:34', '2019-10-09 10:12:34'),
(434, 18, 1, 11, 8, 1, 8.00, '2019-10-09 10:12:34', '2019-10-09 10:12:34'),
(435, 18, 1, 11, 9, 1, 8.00, '2019-10-09 10:12:34', '2019-10-09 10:12:34'),
(436, 18, 1, 11, 10, 1, 8.00, '2019-10-09 10:12:34', '2019-10-09 10:12:34'),
(437, 18, 1, 11, 7, 2, 7.00, '2019-10-09 10:12:46', '2019-10-09 10:12:46'),
(438, 18, 1, 11, 8, 2, 8.00, '2019-10-09 10:12:46', '2019-10-09 10:12:46'),
(439, 18, 1, 11, 9, 2, 7.00, '2019-10-09 10:12:47', '2019-10-09 10:12:47'),
(440, 18, 1, 11, 10, 2, 7.00, '2019-10-09 10:12:47', '2019-10-09 10:12:47'),
(441, 16, 1, 11, 7, 1, 8.00, '2019-10-09 10:13:40', '2019-10-09 10:13:40'),
(442, 16, 1, 11, 8, 1, 8.00, '2019-10-09 10:13:41', '2019-10-09 10:13:41'),
(443, 16, 1, 11, 9, 1, 7.00, '2019-10-09 10:13:41', '2019-10-09 10:13:41'),
(444, 16, 1, 11, 10, 1, 8.00, '2019-10-09 10:13:41', '2019-10-09 10:13:41'),
(445, 16, 1, 11, 7, 2, 7.00, '2019-10-09 10:13:52', '2019-10-09 10:13:52'),
(446, 16, 1, 11, 8, 2, 7.00, '2019-10-09 10:13:52', '2019-10-09 10:13:52'),
(447, 16, 1, 11, 9, 2, 8.00, '2019-10-09 10:13:52', '2019-10-09 10:13:52'),
(448, 16, 1, 11, 10, 2, 7.00, '2019-10-09 10:13:52', '2019-10-09 10:13:52'),
(449, 11, 1, 11, 7, 1, 8.00, '2019-10-09 10:15:45', '2019-10-09 10:15:45'),
(450, 11, 1, 11, 8, 1, 7.00, '2019-10-09 10:15:45', '2019-10-09 10:15:45'),
(451, 11, 1, 11, 9, 1, 8.00, '2019-10-09 10:15:45', '2019-10-09 10:15:45'),
(452, 11, 1, 11, 10, 1, 6.00, '2019-10-09 10:15:45', '2019-10-09 10:15:45'),
(453, 11, 1, 11, 7, 2, 7.00, '2019-10-09 10:16:12', '2019-10-09 10:16:12'),
(454, 11, 1, 11, 8, 2, 8.00, '2019-10-09 10:16:12', '2019-10-09 10:16:12'),
(455, 11, 1, 11, 9, 2, 7.00, '2019-10-09 10:16:12', '2019-10-09 10:16:12'),
(456, 11, 1, 11, 10, 2, 8.00, '2019-10-09 10:16:12', '2019-10-09 10:16:12'),
(457, 13, 1, 12, 7, 1, 8.00, '2019-10-09 10:23:23', '2019-10-09 10:23:23'),
(458, 13, 1, 12, 8, 1, 8.00, '2019-10-09 10:23:23', '2019-10-09 10:23:23'),
(459, 13, 1, 12, 9, 1, 7.00, '2019-10-09 10:23:23', '2019-10-09 10:23:23'),
(460, 13, 1, 12, 10, 1, 8.00, '2019-10-09 10:23:23', '2019-10-09 10:23:23'),
(461, 13, 1, 12, 7, 2, 7.00, '2019-10-09 10:23:34', '2019-10-09 10:23:34'),
(462, 13, 1, 12, 8, 2, 7.00, '2019-10-09 10:23:34', '2019-10-09 10:23:34'),
(463, 13, 1, 12, 9, 2, 8.00, '2019-10-09 10:23:34', '2019-10-09 10:23:34'),
(464, 13, 1, 12, 10, 2, 7.00, '2019-10-09 10:23:34', '2019-10-09 10:23:34'),
(465, 63, 1, 13, 7, 1, 8.00, '2019-10-09 10:28:17', '2019-10-09 10:28:17'),
(466, 63, 1, 13, 8, 1, 8.00, '2019-10-09 10:28:17', '2019-10-09 10:28:17'),
(467, 63, 1, 13, 9, 1, 9.00, '2019-10-09 10:28:17', '2019-10-09 10:28:17'),
(468, 63, 1, 13, 10, 1, 7.00, '2019-10-09 10:28:17', '2019-10-09 10:28:17'),
(469, 63, 1, 13, 7, 2, 7.00, '2019-10-09 10:28:29', '2019-10-09 10:28:29'),
(470, 63, 1, 13, 8, 2, 8.00, '2019-10-09 10:28:29', '2019-10-09 10:28:29'),
(471, 63, 1, 13, 9, 2, 7.00, '2019-10-09 10:28:29', '2019-10-09 10:28:29'),
(472, 63, 1, 13, 10, 2, 7.00, '2019-10-09 10:28:29', '2019-10-09 10:28:29'),
(473, 60, 1, 13, 7, 1, 7.00, '2019-10-09 10:29:50', '2019-10-09 10:29:50'),
(474, 60, 1, 13, 8, 1, 8.00, '2019-10-09 10:29:50', '2019-10-09 10:29:50'),
(475, 60, 1, 13, 9, 1, 7.50, '2019-10-09 10:29:50', '2019-10-09 10:29:50'),
(476, 60, 1, 13, 10, 1, 7.00, '2019-10-09 10:29:50', '2019-10-09 10:29:50'),
(477, 60, 1, 13, 7, 2, 7.00, '2019-10-09 10:30:05', '2019-10-09 10:30:05'),
(478, 60, 1, 13, 8, 2, 8.00, '2019-10-09 10:30:05', '2019-10-09 10:30:05'),
(479, 60, 1, 13, 9, 2, 7.00, '2019-10-09 10:30:05', '2019-10-09 10:30:05'),
(480, 60, 1, 13, 10, 2, 7.00, '2019-10-09 10:30:05', '2019-10-09 10:30:05'),
(481, 55, 1, 13, 7, 1, 8.00, '2019-10-09 10:32:36', '2019-10-09 10:32:36'),
(482, 55, 1, 13, 8, 1, 8.00, '2019-10-09 10:32:36', '2019-10-09 10:32:36'),
(483, 55, 1, 13, 9, 1, 8.50, '2019-10-09 10:32:36', '2019-10-09 10:32:36'),
(484, 55, 1, 13, 10, 1, 8.00, '2019-10-09 10:32:36', '2019-10-09 10:32:36'),
(485, 55, 1, 13, 7, 2, 7.00, '2019-10-09 10:32:51', '2019-10-09 10:32:51'),
(486, 55, 1, 13, 8, 2, 7.00, '2019-10-09 10:32:51', '2019-10-09 10:32:51'),
(487, 55, 1, 13, 9, 2, 7.00, '2019-10-09 10:32:51', '2019-10-09 10:32:51'),
(488, 55, 1, 13, 10, 2, 7.00, '2019-10-09 10:32:51', '2019-10-09 10:32:51'),
(489, 25, 1, 14, 7, 1, 8.00, '2019-10-09 10:38:28', '2019-10-09 10:38:28'),
(490, 25, 1, 14, 8, 1, 8.00, '2019-10-09 10:38:28', '2019-10-09 10:38:28'),
(491, 25, 1, 14, 9, 1, 7.00, '2019-10-09 10:38:28', '2019-10-09 10:38:28'),
(492, 25, 1, 14, 10, 1, 8.00, '2019-10-09 10:38:28', '2019-10-09 10:38:28'),
(493, 25, 1, 14, 7, 2, 9.00, '2019-10-09 10:38:42', '2019-10-09 10:38:42'),
(494, 25, 1, 14, 8, 2, 9.00, '2019-10-09 10:38:42', '2019-10-09 10:38:42'),
(495, 25, 1, 14, 9, 2, 8.00, '2019-10-09 10:38:43', '2019-10-09 10:38:43'),
(496, 25, 1, 14, 10, 2, 7.00, '2019-10-09 10:38:43', '2019-10-09 10:38:43'),
(497, 20, 1, 14, 7, 1, 7.00, '2019-10-09 10:40:54', '2019-10-09 10:40:54'),
(498, 20, 1, 14, 8, 1, 7.00, '2019-10-09 10:40:54', '2019-10-09 10:40:54'),
(499, 20, 1, 14, 9, 1, 9.00, '2019-10-09 10:40:54', '2019-10-09 10:40:54'),
(500, 20, 1, 14, 10, 1, 8.00, '2019-10-09 10:40:54', '2019-10-09 10:40:54'),
(501, 20, 1, 14, 7, 2, 8.00, '2019-10-09 10:41:07', '2019-10-09 10:41:07'),
(502, 20, 1, 14, 8, 2, 7.00, '2019-10-09 10:41:07', '2019-10-09 10:41:07'),
(503, 20, 1, 14, 9, 2, 8.00, '2019-10-09 10:41:07', '2019-10-09 10:41:07'),
(504, 20, 1, 14, 10, 2, 7.00, '2019-10-09 10:41:07', '2019-10-09 10:41:07'),
(505, 14, 1, 14, 7, 1, 8.00, '2019-10-09 10:41:57', '2019-10-09 10:41:57'),
(506, 14, 1, 14, 8, 1, 8.00, '2019-10-09 10:41:57', '2019-10-09 10:41:57'),
(507, 14, 1, 14, 9, 1, 8.00, '2019-10-09 10:41:57', '2019-10-09 10:41:57'),
(508, 14, 1, 14, 10, 1, 8.00, '2019-10-09 10:41:57', '2019-10-09 10:41:57'),
(509, 14, 1, 14, 7, 2, 7.00, '2019-10-09 10:42:13', '2019-10-09 10:42:13'),
(510, 14, 1, 14, 8, 2, 5.00, '2019-10-09 10:42:13', '2019-10-09 10:42:13'),
(511, 14, 1, 14, 9, 2, 7.50, '2019-10-09 10:42:13', '2019-10-09 10:42:13'),
(512, 14, 1, 14, 10, 2, 5.00, '2019-10-09 10:42:13', '2019-10-09 10:42:13'),
(513, 51, 1, 15, 7, 1, 8.00, '2019-10-09 10:52:32', '2019-10-09 10:52:32'),
(514, 51, 1, 15, 8, 1, 8.00, '2019-10-09 10:52:32', '2019-10-09 10:52:32'),
(515, 51, 1, 15, 9, 1, 8.00, '2019-10-09 10:52:32', '2019-10-09 10:52:32'),
(516, 51, 1, 15, 10, 1, 8.00, '2019-10-09 10:52:32', '2019-10-09 10:52:32'),
(517, 51, 1, 15, 7, 2, 7.00, '2019-10-09 10:52:45', '2019-10-09 10:52:45'),
(518, 51, 1, 15, 8, 2, 8.00, '2019-10-09 10:52:45', '2019-10-09 10:52:45'),
(519, 51, 1, 15, 9, 2, 7.00, '2019-10-09 10:52:45', '2019-10-09 10:52:45'),
(520, 51, 1, 15, 10, 2, 8.00, '2019-10-09 10:52:45', '2019-10-09 10:52:45'),
(521, 46, 1, 15, 7, 1, 7.00, '2019-10-09 10:54:36', '2019-10-09 10:54:36'),
(522, 46, 1, 15, 8, 1, 8.00, '2019-10-09 10:54:36', '2019-10-09 10:54:36'),
(523, 46, 1, 15, 9, 1, 7.00, '2019-10-09 10:54:36', '2019-10-09 10:54:36'),
(524, 46, 1, 15, 10, 1, 7.00, '2019-10-09 10:54:36', '2019-10-09 10:54:36'),
(525, 46, 1, 15, 7, 2, 7.00, '2019-10-09 10:54:51', '2019-10-09 10:54:51'),
(526, 46, 1, 15, 8, 2, 8.00, '2019-10-09 10:54:51', '2019-10-09 10:54:51'),
(527, 46, 1, 15, 9, 2, 8.00, '2019-10-09 10:54:51', '2019-10-09 10:54:51'),
(528, 46, 1, 15, 10, 2, 7.00, '2019-10-09 10:54:51', '2019-10-09 10:54:51'),
(529, 59, 1, 16, 7, 1, 8.00, '2019-10-09 10:59:25', '2019-10-09 10:59:25'),
(530, 59, 1, 16, 8, 1, 8.00, '2019-10-09 10:59:25', '2019-10-09 10:59:25'),
(531, 59, 1, 16, 9, 1, 8.00, '2019-10-09 10:59:25', '2019-10-09 10:59:25'),
(532, 59, 1, 16, 10, 1, 7.00, '2019-10-09 10:59:25', '2019-10-09 10:59:25'),
(533, 59, 1, 16, 7, 2, 7.00, '2019-10-09 10:59:38', '2019-10-09 10:59:38'),
(534, 59, 1, 16, 8, 2, 7.00, '2019-10-09 10:59:38', '2019-10-09 10:59:38'),
(535, 59, 1, 16, 9, 2, 7.50, '2019-10-09 10:59:38', '2019-10-09 10:59:38'),
(536, 59, 1, 16, 10, 2, 6.00, '2019-10-09 10:59:38', '2019-10-09 10:59:38'),
(537, 53, 1, 16, 7, 1, 8.00, '2019-10-09 11:00:51', '2019-10-09 11:00:51'),
(538, 53, 1, 16, 8, 1, 8.00, '2019-10-09 11:00:51', '2019-10-09 11:00:51'),
(539, 53, 1, 16, 9, 1, 8.00, '2019-10-09 11:00:51', '2019-10-09 11:00:51'),
(540, 53, 1, 16, 10, 1, 8.00, '2019-10-09 11:00:51', '2019-10-09 11:00:51'),
(541, 53, 1, 16, 7, 2, 7.00, '2019-10-09 11:01:03', '2019-10-09 11:01:03'),
(542, 53, 1, 16, 8, 2, 8.00, '2019-10-09 11:01:03', '2019-10-09 11:01:03'),
(543, 53, 1, 16, 9, 2, 7.00, '2019-10-09 11:01:03', '2019-10-09 11:01:03'),
(544, 53, 1, 16, 10, 2, 8.00, '2019-10-09 11:01:03', '2019-10-09 11:01:03'),
(545, 48, 1, 16, 7, 1, 8.00, '2019-10-09 11:04:14', '2019-10-09 11:04:14'),
(546, 48, 1, 16, 8, 1, 7.00, '2019-10-09 11:04:14', '2019-10-09 11:04:14'),
(547, 48, 1, 16, 9, 1, 7.50, '2019-10-09 11:04:15', '2019-10-09 11:04:15'),
(548, 48, 1, 16, 10, 1, 6.50, '2019-10-09 11:04:15', '2019-10-09 11:04:15'),
(549, 48, 1, 16, 7, 2, 5.00, '2019-10-09 11:04:28', '2019-10-09 11:04:28'),
(550, 48, 1, 16, 8, 2, 6.00, '2019-10-09 11:04:28', '2019-10-09 11:04:28'),
(551, 48, 1, 16, 9, 2, 10.00, '2019-10-09 11:04:28', '2019-10-09 11:04:28'),
(552, 48, 1, 16, 10, 2, 8.00, '2019-10-09 11:04:28', '2019-10-09 11:04:28');

-- --------------------------------------------------------

--
-- Table structure for table `attendances`
--

CREATE TABLE `attendances` (
  `id` bigint(20) UNSIGNED NOT NULL,
  `course_id` bigint(20) UNSIGNED NOT NULL,
  `session_id` int(11) NOT NULL,
  `teacher_id` bigint(20) UNSIGNED NOT NULL,
  `student_id` bigint(20) UNSIGNED NOT NULL,
  `attend` varchar(1) COLLATE utf8mb4_unicode_ci NOT NULL DEFAULT 'P',
  `attend_date` date NOT NULL,
  `created_at` timestamp NULL DEFAULT NULL,
  `updated_at` timestamp NULL DEFAULT NULL
) ENGINE=InnoDB DEFAULT CHARSET=utf8mb4 COLLATE=utf8mb4_unicode_ci;

--
-- Dumping data for table `attendances`
--

INSERT INTO `attendances` (`id`, `course_id`, `session_id`, `teacher_id`, `student_id`, `attend`, `attend_date`, `created_at`, `updated_at`) VALUES
(1, 4, 1, 1, 7, 'A', '2019-08-04', '2019-08-03 18:59:52', '2019-08-04 21:03:46'),
(2, 4, 1, 1, 8, 'A', '2019-08-04', '2019-08-03 18:59:52', '2019-08-04 21:02:38'),
(3, 4, 1, 1, 9, 'P', '2019-08-04', '2019-08-03 18:59:52', '2019-08-03 18:59:52'),
(4, 4, 1, 1, 10, 'P', '2019-08-04', '2019-08-03 18:59:52', '2019-08-03 18:59:52'),
(5, 3, 1, 1, 7, 'A', '2019-08-04', '2019-08-03 19:01:56', '2019-08-03 19:01:56'),
(6, 3, 1, 1, 8, 'P', '2019-08-04', '2019-08-03 19:01:56', '2019-08-03 19:01:56'),
(7, 3, 1, 1, 9, 'P', '2019-08-04', '2019-08-03 19:01:56', '2019-08-03 19:01:56'),
(8, 3, 1, 1, 10, 'A', '2019-08-04', '2019-08-03 19:01:56', '2019-08-03 19:01:56'),
(9, 2, 1, 1, 7, 'A', '2019-08-04', '2019-08-03 19:03:01', '2019-08-03 19:03:01'),
(10, 2, 1, 1, 8, 'A', '2019-08-04', '2019-08-03 19:03:01', '2019-08-03 19:03:01'),
(11, 2, 1, 1, 9, 'A', '2019-08-04', '2019-08-03 19:03:01', '2019-08-03 19:03:01'),
(12, 2, 1, 1, 10, 'A', '2019-08-04', '2019-08-03 19:03:01', '2019-08-03 19:03:01'),
(13, 4, 1, 1, 7, 'A', '2019-08-05', '2019-08-04 19:09:17', '2019-08-04 19:09:17'),
(14, 4, 1, 1, 8, 'P', '2019-08-05', '2019-08-04 19:09:17', '2019-08-04 19:09:17'),
(15, 4, 1, 1, 9, 'P', '2019-08-05', '2019-08-04 19:09:17', '2019-08-04 19:09:17'),
(16, 4, 1, 1, 10, 'A', '2019-08-05', '2019-08-04 19:09:17', '2019-08-04 19:09:17'),
(17, 3, 1, 1, 7, 'A', '2019-08-05', '2019-08-04 19:09:49', '2019-08-04 19:09:49'),
(18, 3, 1, 1, 8, 'A', '2019-08-05', '2019-08-04 19:09:49', '2019-08-04 19:09:49'),
(19, 3, 1, 1, 9, 'P', '2019-08-05', '2019-08-04 19:09:49', '2019-08-04 19:09:49'),
(20, 3, 1, 1, 10, 'A', '2019-08-05', '2019-08-04 19:09:49', '2019-08-04 19:09:49'),
(21, 2, 1, 1, 7, 'P', '2019-08-05', '2019-08-04 19:10:26', '2019-08-04 19:10:26'),
(22, 2, 1, 1, 8, 'P', '2019-08-05', '2019-08-04 19:10:26', '2019-08-04 19:10:26'),
(23, 2, 1, 1, 9, 'P', '2019-08-05', '2019-08-04 19:10:26', '2019-08-04 19:10:26'),
(24, 2, 1, 1, 10, 'P', '2019-08-05', '2019-08-04 19:10:26', '2019-08-04 19:10:26'),
(25, 4, 1, 1, 7, 'A', '2019-08-08', '2019-08-07 18:35:47', '2019-08-07 18:35:47'),
(26, 4, 1, 1, 8, 'P', '2019-08-08', '2019-08-07 18:35:47', '2019-08-07 18:36:14'),
(27, 4, 1, 1, 9, 'P', '2019-08-08', '2019-08-07 18:35:47', '2019-08-07 18:35:47'),
(28, 4, 1, 1, 10, 'A', '2019-08-08', '2019-08-07 18:35:47', '2019-08-07 18:35:47'),
(29, 3, 1, 1, 7, 'P', '2019-08-08', '2019-08-07 18:37:17', '2019-08-07 18:37:17'),
(30, 3, 1, 1, 8, 'P', '2019-08-08', '2019-08-07 18:37:17', '2019-08-07 18:37:17'),
(31, 3, 1, 1, 9, 'P', '2019-08-08', '2019-08-07 18:37:17', '2019-08-07 18:37:17'),
(32, 3, 1, 1, 10, 'A', '2019-08-08', '2019-08-07 18:37:17', '2019-08-07 18:37:17'),
(33, 2, 1, 1, 7, 'A', '2019-08-08', '2019-08-07 18:37:40', '2019-08-07 18:38:35'),
(34, 2, 1, 1, 8, 'P', '2019-08-08', '2019-08-07 18:37:40', '2019-08-07 18:37:40'),
(35, 2, 1, 1, 9, 'P', '2019-08-08', '2019-08-07 18:37:40', '2019-08-07 18:37:40'),
(36, 2, 1, 1, 10, 'A', '2019-08-08', '2019-08-07 18:37:41', '2019-08-07 18:38:35'),
(37, 4, 1, 1, 7, 'P', '2019-08-09', '2019-08-08 23:27:59', '2019-08-08 23:27:59'),
(38, 4, 1, 1, 8, 'P', '2019-08-09', '2019-08-08 23:27:59', '2019-08-08 23:27:59'),
(39, 4, 1, 1, 9, 'P', '2019-08-09', '2019-08-08 23:27:59', '2019-08-08 23:27:59'),
(40, 4, 1, 1, 10, 'P', '2019-08-09', '2019-08-08 23:27:59', '2019-08-08 23:27:59'),
(41, 3, 1, 1, 7, 'A', '2019-08-09', '2019-08-08 23:28:18', '2019-08-08 23:28:18'),
(42, 3, 1, 1, 8, 'A', '2019-08-09', '2019-08-08 23:28:18', '2019-08-08 23:28:18'),
(43, 3, 1, 1, 9, 'A', '2019-08-09', '2019-08-08 23:28:19', '2019-08-08 23:28:19'),
(44, 3, 1, 1, 10, 'A', '2019-08-09', '2019-08-08 23:28:19', '2019-08-08 23:28:19'),
(45, 2, 1, 1, 7, 'P', '2019-08-09', '2019-08-08 23:28:34', '2019-08-08 23:28:34'),
(46, 2, 1, 1, 8, 'A', '2019-08-09', '2019-08-08 23:28:34', '2019-08-08 23:28:34'),
(47, 2, 1, 1, 9, 'P', '2019-08-09', '2019-08-08 23:28:34', '2019-08-08 23:28:34'),
(48, 2, 1, 1, 10, 'P', '2019-08-09', '2019-08-08 23:28:34', '2019-08-08 23:28:34'),
(49, 4, 1, 1, 7, 'P', '2019-09-18', '2019-09-18 09:49:23', '2019-09-18 09:49:23'),
(50, 4, 1, 1, 8, 'A', '2019-09-18', '2019-09-18 09:49:23', '2019-09-18 09:49:23'),
(51, 4, 1, 1, 9, 'P', '2019-09-18', '2019-09-18 09:49:23', '2019-09-18 09:49:23'),
(52, 4, 1, 1, 10, 'A', '2019-09-18', '2019-09-18 09:49:23', '2019-09-18 09:49:23'),
(53, 4, 1, 1, 7, 'P', '2019-09-19', '2019-09-19 06:24:45', '2019-09-19 06:24:45'),
(54, 4, 1, 1, 8, 'A', '2019-09-19', '2019-09-19 06:24:45', '2019-09-19 06:24:45'),
(55, 4, 1, 1, 9, 'P', '2019-09-19', '2019-09-19 06:24:45', '2019-09-19 06:24:45'),
(56, 4, 1, 1, 10, 'P', '2019-09-19', '2019-09-19 06:24:45', '2019-09-19 06:24:45'),
(57, 4, 1, 1, 7, 'P', '2019-10-01', '2019-10-01 08:29:39', '2019-10-01 08:29:39'),
(58, 4, 1, 1, 8, 'P', '2019-10-01', '2019-10-01 08:29:39', '2019-10-01 08:29:39'),
(59, 4, 1, 1, 9, 'P', '2019-10-01', '2019-10-01 08:29:39', '2019-10-01 08:29:39'),
(60, 4, 1, 1, 10, 'P', '2019-10-01', '2019-10-01 08:29:39', '2019-10-01 08:29:39'),
(61, 69, 1, 1, 7, 'P', '2019-10-08', '2019-10-08 08:11:33', '2019-10-08 08:11:33'),
(62, 69, 1, 1, 8, 'P', '2019-10-08', '2019-10-08 08:11:33', '2019-10-08 08:11:33'),
(63, 69, 1, 1, 9, 'P', '2019-10-08', '2019-10-08 08:11:33', '2019-10-08 08:11:33'),
(64, 69, 1, 1, 10, 'A', '2019-10-08', '2019-10-08 08:11:34', '2019-10-08 08:11:34'),
(65, 68, 1, 1, 7, 'P', '2019-10-08', '2019-10-08 08:11:51', '2019-10-08 08:11:51'),
(66, 68, 1, 1, 8, 'P', '2019-10-08', '2019-10-08 08:11:51', '2019-10-08 08:11:51'),
(67, 68, 1, 1, 9, 'P', '2019-10-08', '2019-10-08 08:11:51', '2019-10-08 08:11:51'),
(68, 68, 1, 1, 10, 'P', '2019-10-08', '2019-10-08 08:11:51', '2019-10-08 08:11:51'),
(69, 62, 1, 1, 7, 'P', '2019-10-08', '2019-10-08 08:12:08', '2019-10-08 20:05:38'),
(70, 62, 1, 1, 8, 'P', '2019-10-08', '2019-10-08 08:12:08', '2019-10-08 08:12:08'),
(71, 62, 1, 1, 9, 'P', '2019-10-08', '2019-10-08 08:12:08', '2019-10-08 08:12:08'),
(72, 62, 1, 1, 10, 'P', '2019-10-08', '2019-10-08 08:12:08', '2019-10-08 08:12:08'),
(73, 15, 1, 1, 7, 'P', '2019-10-08', '2019-10-08 08:12:20', '2019-10-08 08:12:20'),
(74, 15, 1, 1, 8, 'P', '2019-10-08', '2019-10-08 08:12:20', '2019-10-08 08:12:20'),
(75, 15, 1, 1, 9, 'P', '2019-10-08', '2019-10-08 08:12:20', '2019-10-08 08:12:20'),
(76, 15, 1, 1, 10, 'P', '2019-10-08', '2019-10-08 08:12:20', '2019-10-08 08:12:20'),
(77, 3, 1, 1, 7, 'P', '2019-10-08', '2019-10-08 08:12:32', '2019-10-08 08:12:32'),
(78, 3, 1, 1, 8, 'P', '2019-10-08', '2019-10-08 08:12:32', '2019-10-08 08:12:32'),
(79, 3, 1, 1, 9, 'P', '2019-10-08', '2019-10-08 08:12:32', '2019-10-08 08:12:32'),
(80, 3, 1, 1, 10, 'P', '2019-10-08', '2019-10-08 08:12:32', '2019-10-08 08:12:32'),
(81, 2, 1, 1, 7, 'P', '2019-10-08', '2019-10-08 08:12:51', '2019-10-08 08:12:51'),
(82, 2, 1, 1, 8, 'A', '2019-10-08', '2019-10-08 08:12:51', '2019-10-08 08:12:51'),
(83, 2, 1, 1, 9, 'P', '2019-10-08', '2019-10-08 08:12:51', '2019-10-08 08:12:51'),
(84, 2, 1, 1, 10, 'P', '2019-10-08', '2019-10-08 08:12:51', '2019-10-08 08:12:51'),
(85, 6, 1, 7, 7, 'P', '2019-10-09', '2019-10-08 18:39:50', '2019-10-08 18:39:50'),
(86, 6, 1, 7, 8, 'P', '2019-10-09', '2019-10-08 18:39:50', '2019-10-08 18:39:50'),
(87, 6, 1, 7, 9, 'P', '2019-10-09', '2019-10-08 18:39:50', '2019-10-08 18:39:50'),
(88, 6, 1, 7, 10, 'P', '2019-10-09', '2019-10-08 18:39:50', '2019-10-08 18:43:51'),
(89, 8, 1, 7, 7, 'P', '2019-10-09', '2019-10-08 18:40:02', '2019-10-08 18:40:02'),
(90, 8, 1, 7, 8, 'P', '2019-10-09', '2019-10-08 18:40:02', '2019-10-08 18:40:02'),
(91, 8, 1, 7, 9, 'P', '2019-10-09', '2019-10-08 18:40:03', '2019-10-08 18:40:03'),
(92, 8, 1, 7, 10, 'P', '2019-10-09', '2019-10-08 18:40:03', '2019-10-08 18:40:03'),
(93, 10, 1, 7, 7, 'P', '2019-10-09', '2019-10-08 18:40:12', '2019-10-08 18:40:12'),
(94, 10, 1, 7, 8, 'P', '2019-10-09', '2019-10-08 18:40:12', '2019-10-08 18:40:12'),
(95, 10, 1, 7, 9, 'P', '2019-10-09', '2019-10-08 18:40:12', '2019-10-08 18:40:12'),
(96, 10, 1, 7, 10, 'P', '2019-10-09', '2019-10-08 18:40:12', '2019-10-08 18:40:12'),
(97, 17, 1, 7, 7, 'P', '2019-10-09', '2019-10-08 18:40:21', '2019-10-08 18:40:21'),
(98, 17, 1, 7, 8, 'P', '2019-10-09', '2019-10-08 18:40:21', '2019-10-08 18:40:21'),
(99, 17, 1, 7, 9, 'P', '2019-10-09', '2019-10-08 18:40:21', '2019-10-08 18:40:21'),
(100, 17, 1, 7, 10, 'P', '2019-10-09', '2019-10-08 18:40:21', '2019-10-08 18:40:21'),
(101, 64, 1, 7, 7, 'P', '2019-10-09', '2019-10-08 18:40:30', '2019-10-08 18:40:30'),
(102, 64, 1, 7, 8, 'P', '2019-10-09', '2019-10-08 18:40:30', '2019-10-08 18:40:30'),
(103, 64, 1, 7, 9, 'P', '2019-10-09', '2019-10-08 18:40:30', '2019-10-08 18:40:30'),
(104, 64, 1, 7, 10, 'P', '2019-10-09', '2019-10-08 18:40:30', '2019-10-08 18:40:30'),
(105, 66, 1, 2, 7, 'P', '2019-10-09', '2019-10-08 20:45:10', '2019-10-08 20:45:10'),
(106, 66, 1, 2, 8, 'P', '2019-10-09', '2019-10-08 20:45:10', '2019-10-08 20:45:10'),
(107, 66, 1, 2, 9, 'P', '2019-10-09', '2019-10-08 20:45:10', '2019-10-08 20:45:10'),
(108, 66, 1, 2, 10, 'P', '2019-10-09', '2019-10-08 20:45:10', '2019-10-08 20:45:10'),
(109, 44, 1, 2, 7, 'P', '2019-10-09', '2019-10-08 20:49:42', '2019-10-08 20:49:42'),
(110, 44, 1, 2, 8, 'P', '2019-10-09', '2019-10-08 20:49:42', '2019-10-08 20:49:42'),
(111, 44, 1, 2, 9, 'P', '2019-10-09', '2019-10-08 20:49:43', '2019-10-08 20:49:43'),
(112, 44, 1, 2, 10, 'P', '2019-10-09', '2019-10-08 20:49:43', '2019-10-08 20:49:43'),
(113, 34, 1, 2, 7, 'P', '2019-10-09', '2019-10-08 20:49:52', '2019-10-08 20:49:52'),
(114, 34, 1, 2, 8, 'P', '2019-10-09', '2019-10-08 20:49:52', '2019-10-08 20:49:52'),
(115, 34, 1, 2, 9, 'P', '2019-10-09', '2019-10-08 20:49:52', '2019-10-08 20:49:52'),
(116, 34, 1, 2, 10, 'P', '2019-10-09', '2019-10-08 20:49:52', '2019-10-08 20:49:52'),
(117, 31, 1, 2, 7, 'P', '2019-10-09', '2019-10-08 20:50:00', '2019-10-08 20:50:00'),
(118, 31, 1, 2, 8, 'P', '2019-10-09', '2019-10-08 20:50:00', '2019-10-08 20:50:00'),
(119, 31, 1, 2, 9, 'P', '2019-10-09', '2019-10-08 20:50:00', '2019-10-08 20:50:00'),
(120, 31, 1, 2, 10, 'P', '2019-10-09', '2019-10-08 20:50:00', '2019-10-08 20:50:00'),
(121, 30, 1, 2, 7, 'P', '2019-10-09', '2019-10-08 20:50:09', '2019-10-08 20:50:09'),
(122, 30, 1, 2, 8, 'P', '2019-10-09', '2019-10-08 20:50:09', '2019-10-08 20:50:09'),
(123, 30, 1, 2, 9, 'P', '2019-10-09', '2019-10-08 20:50:09', '2019-10-08 20:50:09'),
(124, 30, 1, 2, 10, 'P', '2019-10-09', '2019-10-08 20:50:09', '2019-10-08 20:50:09'),
(125, 21, 1, 2, 7, 'P', '2019-10-09', '2019-10-08 20:50:18', '2019-10-08 20:50:18'),
(126, 21, 1, 2, 8, 'P', '2019-10-09', '2019-10-08 20:50:18', '2019-10-08 20:50:18'),
(127, 21, 1, 2, 9, 'P', '2019-10-09', '2019-10-08 20:50:18', '2019-10-08 20:50:18'),
(128, 21, 1, 2, 10, 'P', '2019-10-09', '2019-10-08 20:50:18', '2019-10-08 20:50:18'),
(129, 12, 1, 2, 7, 'P', '2019-10-09', '2019-10-08 20:50:29', '2019-10-08 20:50:29'),
(130, 12, 1, 2, 8, 'P', '2019-10-09', '2019-10-08 20:50:29', '2019-10-08 20:50:29'),
(131, 12, 1, 2, 9, 'P', '2019-10-09', '2019-10-08 20:50:29', '2019-10-08 20:50:29'),
(132, 12, 1, 2, 10, 'P', '2019-10-09', '2019-10-08 20:50:29', '2019-10-08 20:50:29'),
(133, 7, 1, 2, 7, 'P', '2019-10-09', '2019-10-08 20:50:38', '2019-10-08 20:50:38'),
(134, 7, 1, 2, 8, 'P', '2019-10-09', '2019-10-08 20:50:38', '2019-10-08 20:50:38'),
(135, 7, 1, 2, 9, 'P', '2019-10-09', '2019-10-08 20:50:39', '2019-10-08 20:50:39'),
(136, 7, 1, 2, 10, 'P', '2019-10-09', '2019-10-08 20:50:39', '2019-10-08 20:50:39'),
(137, 67, 1, 6, 7, 'P', '2019-10-09', '2019-10-09 07:05:05', '2019-10-09 07:05:05'),
(138, 67, 1, 6, 8, 'P', '2019-10-09', '2019-10-09 07:05:05', '2019-10-09 07:05:05'),
(139, 67, 1, 6, 9, 'P', '2019-10-09', '2019-10-09 07:05:05', '2019-10-09 07:05:05'),
(140, 67, 1, 6, 10, 'P', '2019-10-09', '2019-10-09 07:05:05', '2019-10-09 07:05:05'),
(141, 57, 1, 6, 7, 'P', '2019-10-09', '2019-10-09 07:05:15', '2019-10-09 07:05:15'),
(142, 57, 1, 6, 8, 'P', '2019-10-09', '2019-10-09 07:05:15', '2019-10-09 07:05:15'),
(143, 57, 1, 6, 9, 'P', '2019-10-09', '2019-10-09 07:05:15', '2019-10-09 07:05:15'),
(144, 57, 1, 6, 10, 'P', '2019-10-09', '2019-10-09 07:05:15', '2019-10-09 07:05:15'),
(145, 38, 1, 6, 7, 'P', '2019-10-09', '2019-10-09 07:05:23', '2019-10-09 07:05:23'),
(146, 38, 1, 6, 8, 'P', '2019-10-09', '2019-10-09 07:05:23', '2019-10-09 07:05:23'),
(147, 38, 1, 6, 9, 'P', '2019-10-09', '2019-10-09 07:05:23', '2019-10-09 07:05:23'),
(148, 38, 1, 6, 10, 'P', '2019-10-09', '2019-10-09 07:05:24', '2019-10-09 07:05:24'),
(149, 32, 1, 6, 7, 'P', '2019-10-09', '2019-10-09 07:05:31', '2019-10-09 07:05:31'),
(150, 32, 1, 6, 8, 'P', '2019-10-09', '2019-10-09 07:05:31', '2019-10-09 07:05:31'),
(151, 32, 1, 6, 9, 'P', '2019-10-09', '2019-10-09 07:05:31', '2019-10-09 07:05:31'),
(152, 32, 1, 6, 10, 'P', '2019-10-09', '2019-10-09 07:05:31', '2019-10-09 07:05:31'),
(153, 27, 1, 6, 7, 'P', '2019-10-09', '2019-10-09 07:05:40', '2019-10-09 07:05:40'),
(154, 27, 1, 6, 8, 'P', '2019-10-09', '2019-10-09 07:05:40', '2019-10-09 07:05:40'),
(155, 27, 1, 6, 9, 'P', '2019-10-09', '2019-10-09 07:05:40', '2019-10-09 07:05:40'),
(156, 27, 1, 6, 10, 'P', '2019-10-09', '2019-10-09 07:05:40', '2019-10-09 07:05:40'),
(157, 54, 1, 3, 7, 'P', '2019-10-09', '2019-10-09 07:31:07', '2019-10-09 07:31:07'),
(158, 54, 1, 3, 8, 'P', '2019-10-09', '2019-10-09 07:31:07', '2019-10-09 07:31:07'),
(159, 54, 1, 3, 9, 'P', '2019-10-09', '2019-10-09 07:31:07', '2019-10-09 07:31:07'),
(160, 54, 1, 3, 10, 'P', '2019-10-09', '2019-10-09 07:31:07', '2019-10-09 07:31:07'),
(161, 49, 1, 3, 7, 'P', '2019-10-09', '2019-10-09 07:31:36', '2019-10-09 07:31:36'),
(162, 49, 1, 3, 8, 'P', '2019-10-09', '2019-10-09 07:31:37', '2019-10-09 07:31:37'),
(163, 49, 1, 3, 9, 'P', '2019-10-09', '2019-10-09 07:31:37', '2019-10-09 07:31:37'),
(164, 49, 1, 3, 10, 'P', '2019-10-09', '2019-10-09 07:31:37', '2019-10-09 07:31:37'),
(165, 22, 1, 3, 7, 'P', '2019-10-09', '2019-10-09 07:31:45', '2019-10-09 07:31:45'),
(166, 22, 1, 3, 8, 'P', '2019-10-09', '2019-10-09 07:31:45', '2019-10-09 07:31:45'),
(167, 22, 1, 3, 9, 'P', '2019-10-09', '2019-10-09 07:31:45', '2019-10-09 07:31:45'),
(168, 22, 1, 3, 10, 'P', '2019-10-09', '2019-10-09 07:31:45', '2019-10-09 07:31:45'),
(169, 1, 1, 3, 7, 'P', '2019-10-09', '2019-10-09 07:31:57', '2019-10-09 07:31:57'),
(170, 1, 1, 3, 8, 'P', '2019-10-09', '2019-10-09 07:31:57', '2019-10-09 07:31:57'),
(171, 1, 1, 3, 9, 'P', '2019-10-09', '2019-10-09 07:31:57', '2019-10-09 07:31:57'),
(172, 1, 1, 3, 10, 'P', '2019-10-09', '2019-10-09 07:31:57', '2019-10-09 07:31:57'),
(173, 65, 1, 8, 7, 'P', '2019-10-09', '2019-10-09 07:49:17', '2019-10-09 07:49:17'),
(174, 65, 1, 8, 8, 'P', '2019-10-09', '2019-10-09 07:49:17', '2019-10-09 07:49:17'),
(175, 65, 1, 8, 9, 'P', '2019-10-09', '2019-10-09 07:49:17', '2019-10-09 07:49:17'),
(176, 65, 1, 8, 10, 'P', '2019-10-09', '2019-10-09 07:49:17', '2019-10-09 07:49:17'),
(177, 50, 1, 8, 7, 'P', '2019-10-09', '2019-10-09 07:49:25', '2019-10-09 07:49:25'),
(178, 50, 1, 8, 8, 'P', '2019-10-09', '2019-10-09 07:49:25', '2019-10-09 07:49:25'),
(179, 50, 1, 8, 9, 'P', '2019-10-09', '2019-10-09 07:49:25', '2019-10-09 07:49:25'),
(180, 50, 1, 8, 10, 'P', '2019-10-09', '2019-10-09 07:49:25', '2019-10-09 07:49:25'),
(181, 45, 1, 8, 7, 'P', '2019-10-09', '2019-10-09 07:49:33', '2019-10-09 07:49:33'),
(182, 45, 1, 8, 8, 'P', '2019-10-09', '2019-10-09 07:49:33', '2019-10-09 07:49:33'),
(183, 45, 1, 8, 9, 'P', '2019-10-09', '2019-10-09 07:49:34', '2019-10-09 07:49:34'),
(184, 45, 1, 8, 10, 'P', '2019-10-09', '2019-10-09 07:49:34', '2019-10-09 07:49:34'),
(185, 41, 1, 8, 7, 'P', '2019-10-09', '2019-10-09 07:49:43', '2019-10-09 07:49:43'),
(186, 41, 1, 8, 8, 'P', '2019-10-09', '2019-10-09 07:49:43', '2019-10-09 07:49:43'),
(187, 41, 1, 8, 9, 'P', '2019-10-09', '2019-10-09 07:49:43', '2019-10-09 07:49:43'),
(188, 41, 1, 8, 10, 'P', '2019-10-09', '2019-10-09 07:49:43', '2019-10-09 07:49:43'),
(189, 36, 1, 8, 7, 'P', '2019-10-09', '2019-10-09 07:49:54', '2019-10-09 07:49:54'),
(190, 36, 1, 8, 8, 'P', '2019-10-09', '2019-10-09 07:49:54', '2019-10-09 07:49:54'),
(191, 36, 1, 8, 9, 'P', '2019-10-09', '2019-10-09 07:49:54', '2019-10-09 07:49:54'),
(192, 36, 1, 8, 10, 'P', '2019-10-09', '2019-10-09 07:49:54', '2019-10-09 07:49:54'),
(193, 61, 1, 9, 7, 'P', '2019-10-09', '2019-10-09 08:19:24', '2019-10-09 08:19:24'),
(194, 61, 1, 9, 8, 'P', '2019-10-09', '2019-10-09 08:19:24', '2019-10-09 08:19:24'),
(195, 61, 1, 9, 9, 'P', '2019-10-09', '2019-10-09 08:19:24', '2019-10-09 08:19:24'),
(196, 61, 1, 9, 10, 'P', '2019-10-09', '2019-10-09 08:19:24', '2019-10-09 08:19:24'),
(197, 58, 1, 9, 7, 'P', '2019-10-09', '2019-10-09 08:19:33', '2019-10-09 08:19:33'),
(198, 58, 1, 9, 8, 'P', '2019-10-09', '2019-10-09 08:19:33', '2019-10-09 08:19:33'),
(199, 58, 1, 9, 9, 'P', '2019-10-09', '2019-10-09 08:19:33', '2019-10-09 08:19:33'),
(200, 58, 1, 9, 10, 'P', '2019-10-09', '2019-10-09 08:19:33', '2019-10-09 08:19:33'),
(201, 56, 1, 9, 7, 'P', '2019-10-09', '2019-10-09 08:19:41', '2019-10-09 08:19:41'),
(202, 56, 1, 9, 8, 'P', '2019-10-09', '2019-10-09 08:19:41', '2019-10-09 08:19:41'),
(203, 56, 1, 9, 9, 'P', '2019-10-09', '2019-10-09 08:19:41', '2019-10-09 08:19:41'),
(204, 56, 1, 9, 10, 'P', '2019-10-09', '2019-10-09 08:19:41', '2019-10-09 08:19:41'),
(205, 42, 1, 9, 7, 'P', '2019-10-09', '2019-10-09 08:19:49', '2019-10-09 08:19:49'),
(206, 42, 1, 9, 8, 'P', '2019-10-09', '2019-10-09 08:19:49', '2019-10-09 08:19:49'),
(207, 42, 1, 9, 9, 'P', '2019-10-09', '2019-10-09 08:19:50', '2019-10-09 08:19:50'),
(208, 42, 1, 9, 10, 'P', '2019-10-09', '2019-10-09 08:19:50', '2019-10-09 08:19:50'),
(209, 37, 1, 9, 7, 'P', '2019-10-09', '2019-10-09 08:20:00', '2019-10-09 08:20:00'),
(210, 37, 1, 9, 8, 'P', '2019-10-09', '2019-10-09 08:20:00', '2019-10-09 08:20:00'),
(211, 37, 1, 9, 9, 'P', '2019-10-09', '2019-10-09 08:20:00', '2019-10-09 08:20:00'),
(212, 37, 1, 9, 10, 'P', '2019-10-09', '2019-10-09 08:20:00', '2019-10-09 08:20:00'),
(213, 35, 1, 9, 7, 'P', '2019-10-09', '2019-10-09 08:20:12', '2019-10-09 08:20:12'),
(214, 35, 1, 9, 8, 'P', '2019-10-09', '2019-10-09 08:20:12', '2019-10-09 08:20:12'),
(215, 35, 1, 9, 9, 'P', '2019-10-09', '2019-10-09 08:20:12', '2019-10-09 08:20:12'),
(216, 35, 1, 9, 10, 'P', '2019-10-09', '2019-10-09 08:20:12', '2019-10-09 08:20:12'),
(217, 29, 1, 9, 7, 'P', '2019-10-09', '2019-10-09 08:20:25', '2019-10-09 08:20:25'),
(218, 29, 1, 9, 8, 'P', '2019-10-09', '2019-10-09 08:20:25', '2019-10-09 08:20:25'),
(219, 29, 1, 9, 9, 'P', '2019-10-09', '2019-10-09 08:20:25', '2019-10-09 08:20:25'),
(220, 29, 1, 9, 10, 'P', '2019-10-09', '2019-10-09 08:20:25', '2019-10-09 08:20:25'),
(221, 26, 1, 9, 7, 'P', '2019-10-09', '2019-10-09 08:20:34', '2019-10-09 08:20:34'),
(222, 26, 1, 9, 8, 'P', '2019-10-09', '2019-10-09 08:20:34', '2019-10-09 08:20:34'),
(223, 26, 1, 9, 9, 'P', '2019-10-09', '2019-10-09 08:20:34', '2019-10-09 08:20:34'),
(224, 26, 1, 9, 10, 'P', '2019-10-09', '2019-10-09 08:20:34', '2019-10-09 08:20:34'),
(225, 52, 1, 10, 7, 'P', '2019-10-09', '2019-10-09 09:22:18', '2019-10-09 09:22:18'),
(226, 52, 1, 10, 8, 'P', '2019-10-09', '2019-10-09 09:22:18', '2019-10-09 09:22:18'),
(227, 52, 1, 10, 9, 'P', '2019-10-09', '2019-10-09 09:22:18', '2019-10-09 09:22:18'),
(228, 52, 1, 10, 10, 'P', '2019-10-09', '2019-10-09 09:22:18', '2019-10-09 09:22:18'),
(229, 47, 1, 10, 7, 'P', '2019-10-09', '2019-10-09 09:22:25', '2019-10-09 09:22:25'),
(230, 47, 1, 10, 8, 'P', '2019-10-09', '2019-10-09 09:22:26', '2019-10-09 09:22:26'),
(231, 47, 1, 10, 9, 'P', '2019-10-09', '2019-10-09 09:22:26', '2019-10-09 09:22:26'),
(232, 47, 1, 10, 10, 'P', '2019-10-09', '2019-10-09 09:22:26', '2019-10-09 09:22:26'),
(233, 43, 1, 10, 7, 'P', '2019-10-09', '2019-10-09 09:22:34', '2019-10-09 09:22:34'),
(234, 43, 1, 10, 8, 'P', '2019-10-09', '2019-10-09 09:22:34', '2019-10-09 09:22:34'),
(235, 43, 1, 10, 9, 'P', '2019-10-09', '2019-10-09 09:22:34', '2019-10-09 09:22:34'),
(236, 43, 1, 10, 10, 'P', '2019-10-09', '2019-10-09 09:22:34', '2019-10-09 09:22:34'),
(237, 39, 1, 10, 7, 'P', '2019-10-09', '2019-10-09 09:22:44', '2019-10-09 09:22:44'),
(238, 39, 1, 10, 8, 'P', '2019-10-09', '2019-10-09 09:22:44', '2019-10-09 09:22:44'),
(239, 39, 1, 10, 9, 'P', '2019-10-09', '2019-10-09 09:22:44', '2019-10-09 09:22:44'),
(240, 39, 1, 10, 10, 'P', '2019-10-09', '2019-10-09 09:22:44', '2019-10-09 09:22:44'),
(241, 33, 1, 10, 7, 'P', '2019-10-09', '2019-10-09 09:22:53', '2019-10-09 09:22:53'),
(242, 33, 1, 10, 8, 'P', '2019-10-09', '2019-10-09 09:22:53', '2019-10-09 09:22:53'),
(243, 33, 1, 10, 9, 'P', '2019-10-09', '2019-10-09 09:22:53', '2019-10-09 09:22:53'),
(244, 33, 1, 10, 10, 'P', '2019-10-09', '2019-10-09 09:22:53', '2019-10-09 09:22:53'),
(245, 28, 1, 10, 7, 'P', '2019-10-09', '2019-10-09 09:23:02', '2019-10-09 09:23:02'),
(246, 28, 1, 10, 8, 'P', '2019-10-09', '2019-10-09 09:23:02', '2019-10-09 09:23:02'),
(247, 28, 1, 10, 9, 'P', '2019-10-09', '2019-10-09 09:23:02', '2019-10-09 09:23:02'),
(248, 28, 1, 10, 10, 'P', '2019-10-09', '2019-10-09 09:23:02', '2019-10-09 09:23:02'),
(249, 24, 1, 10, 7, 'P', '2019-10-09', '2019-10-09 09:23:11', '2019-10-09 09:23:11'),
(250, 24, 1, 10, 8, 'P', '2019-10-09', '2019-10-09 09:23:11', '2019-10-09 09:23:11'),
(251, 24, 1, 10, 9, 'P', '2019-10-09', '2019-10-09 09:23:11', '2019-10-09 09:23:11'),
(252, 24, 1, 10, 10, 'P', '2019-10-09', '2019-10-09 09:23:11', '2019-10-09 09:23:11'),
(253, 19, 1, 10, 7, 'P', '2019-10-09', '2019-10-09 09:23:20', '2019-10-09 09:23:20'),
(254, 19, 1, 10, 8, 'P', '2019-10-09', '2019-10-09 09:23:20', '2019-10-09 09:23:20'),
(255, 19, 1, 10, 9, 'P', '2019-10-09', '2019-10-09 09:23:20', '2019-10-09 09:23:20'),
(256, 19, 1, 10, 10, 'P', '2019-10-09', '2019-10-09 09:23:20', '2019-10-09 09:23:20'),
(257, 9, 1, 10, 7, 'P', '2019-10-09', '2019-10-09 09:23:30', '2019-10-09 09:23:30'),
(258, 9, 1, 10, 8, 'P', '2019-10-09', '2019-10-09 09:23:30', '2019-10-09 09:23:30'),
(259, 9, 1, 10, 9, 'P', '2019-10-09', '2019-10-09 09:23:30', '2019-10-09 09:23:30'),
(260, 9, 1, 10, 10, 'P', '2019-10-09', '2019-10-09 09:23:30', '2019-10-09 09:23:30'),
(261, 40, 1, 11, 7, 'P', '2019-10-09', '2019-10-09 09:49:06', '2019-10-09 09:49:06'),
(262, 40, 1, 11, 8, 'P', '2019-10-09', '2019-10-09 09:49:06', '2019-10-09 09:49:06'),
(263, 40, 1, 11, 9, 'P', '2019-10-09', '2019-10-09 09:49:06', '2019-10-09 09:49:06'),
(264, 40, 1, 11, 10, 'P', '2019-10-09', '2019-10-09 09:49:06', '2019-10-09 09:49:06'),
(265, 23, 1, 11, 7, 'P', '2019-10-09', '2019-10-09 09:49:14', '2019-10-09 09:49:14'),
(266, 23, 1, 11, 8, 'P', '2019-10-09', '2019-10-09 09:49:14', '2019-10-09 09:49:14'),
(267, 23, 1, 11, 9, 'P', '2019-10-09', '2019-10-09 09:49:14', '2019-10-09 09:49:14'),
(268, 23, 1, 11, 10, 'P', '2019-10-09', '2019-10-09 09:49:14', '2019-10-09 09:49:14'),
(269, 18, 1, 11, 7, 'P', '2019-10-09', '2019-10-09 09:49:22', '2019-10-09 09:49:22'),
(270, 18, 1, 11, 8, 'P', '2019-10-09', '2019-10-09 09:49:22', '2019-10-09 09:49:22'),
(271, 18, 1, 11, 9, 'P', '2019-10-09', '2019-10-09 09:49:22', '2019-10-09 09:49:22'),
(272, 18, 1, 11, 10, 'P', '2019-10-09', '2019-10-09 09:49:22', '2019-10-09 09:49:22'),
(273, 16, 1, 11, 7, 'P', '2019-10-09', '2019-10-09 09:49:41', '2019-10-09 09:49:41'),
(274, 16, 1, 11, 8, 'P', '2019-10-09', '2019-10-09 09:49:41', '2019-10-09 09:49:41'),
(275, 16, 1, 11, 9, 'P', '2019-10-09', '2019-10-09 09:49:41', '2019-10-09 09:49:41'),
(276, 16, 1, 11, 10, 'P', '2019-10-09', '2019-10-09 09:49:42', '2019-10-09 09:49:42'),
(277, 11, 1, 11, 7, 'P', '2019-10-09', '2019-10-09 09:49:49', '2019-10-09 09:49:49'),
(278, 11, 1, 11, 8, 'P', '2019-10-09', '2019-10-09 09:49:49', '2019-10-09 09:49:49'),
(279, 11, 1, 11, 9, 'P', '2019-10-09', '2019-10-09 09:49:49', '2019-10-09 09:49:49'),
(280, 11, 1, 11, 10, 'P', '2019-10-09', '2019-10-09 09:49:49', '2019-10-09 09:49:49'),
(281, 13, 1, 12, 7, 'P', '2019-10-09', '2019-10-09 10:22:38', '2019-10-09 10:22:38'),
(282, 13, 1, 12, 8, 'P', '2019-10-09', '2019-10-09 10:22:38', '2019-10-09 10:22:38'),
(283, 13, 1, 12, 9, 'P', '2019-10-09', '2019-10-09 10:22:38', '2019-10-09 10:22:38'),
(284, 13, 1, 12, 10, 'P', '2019-10-09', '2019-10-09 10:22:38', '2019-10-09 10:22:38'),
(285, 63, 1, 13, 7, 'P', '2019-10-09', '2019-10-09 10:26:15', '2019-10-09 10:26:15'),
(286, 63, 1, 13, 8, 'P', '2019-10-09', '2019-10-09 10:26:15', '2019-10-09 10:26:15'),
(287, 63, 1, 13, 9, 'P', '2019-10-09', '2019-10-09 10:26:15', '2019-10-09 10:26:15'),
(288, 63, 1, 13, 10, 'P', '2019-10-09', '2019-10-09 10:26:15', '2019-10-09 10:26:15'),
(289, 60, 1, 13, 7, 'P', '2019-10-09', '2019-10-09 10:26:23', '2019-10-09 10:26:23'),
(290, 60, 1, 13, 8, 'P', '2019-10-09', '2019-10-09 10:26:23', '2019-10-09 10:26:23'),
(291, 60, 1, 13, 9, 'P', '2019-10-09', '2019-10-09 10:26:23', '2019-10-09 10:26:23'),
(292, 60, 1, 13, 10, 'P', '2019-10-09', '2019-10-09 10:26:23', '2019-10-09 10:26:23'),
(293, 55, 1, 13, 7, 'P', '2019-10-09', '2019-10-09 10:26:30', '2019-10-09 10:26:30'),
(294, 55, 1, 13, 8, 'P', '2019-10-09', '2019-10-09 10:26:30', '2019-10-09 10:26:30'),
(295, 55, 1, 13, 9, 'P', '2019-10-09', '2019-10-09 10:26:30', '2019-10-09 10:26:30'),
(296, 55, 1, 13, 10, 'P', '2019-10-09', '2019-10-09 10:26:31', '2019-10-09 10:26:31'),
(297, 25, 1, 14, 7, 'P', '2019-10-09', '2019-10-09 10:37:27', '2019-10-09 10:37:27'),
(298, 25, 1, 14, 8, 'P', '2019-10-09', '2019-10-09 10:37:27', '2019-10-09 10:37:27'),
(299, 25, 1, 14, 9, 'P', '2019-10-09', '2019-10-09 10:37:27', '2019-10-09 10:37:27'),
(300, 25, 1, 14, 10, 'P', '2019-10-09', '2019-10-09 10:37:27', '2019-10-09 10:37:27'),
(301, 20, 1, 14, 7, 'P', '2019-10-09', '2019-10-09 10:37:34', '2019-10-09 10:37:34'),
(302, 20, 1, 14, 8, 'P', '2019-10-09', '2019-10-09 10:37:35', '2019-10-09 10:37:35'),
(303, 20, 1, 14, 9, 'P', '2019-10-09', '2019-10-09 10:37:35', '2019-10-09 10:37:35'),
(304, 20, 1, 14, 10, 'P', '2019-10-09', '2019-10-09 10:37:35', '2019-10-09 10:37:35'),
(305, 14, 1, 14, 7, 'P', '2019-10-09', '2019-10-09 10:37:44', '2019-10-09 10:37:44'),
(306, 14, 1, 14, 8, 'P', '2019-10-09', '2019-10-09 10:37:44', '2019-10-09 10:37:44'),
(307, 14, 1, 14, 9, 'P', '2019-10-09', '2019-10-09 10:37:44', '2019-10-09 10:37:44'),
(308, 14, 1, 14, 10, 'P', '2019-10-09', '2019-10-09 10:37:44', '2019-10-09 10:37:44'),
(309, 51, 1, 15, 7, 'P', '2019-10-09', '2019-10-09 10:51:26', '2019-10-09 10:51:26'),
(310, 51, 1, 15, 8, 'P', '2019-10-09', '2019-10-09 10:51:26', '2019-10-09 10:51:26'),
(311, 51, 1, 15, 9, 'P', '2019-10-09', '2019-10-09 10:51:26', '2019-10-09 10:51:26'),
(312, 51, 1, 15, 10, 'P', '2019-10-09', '2019-10-09 10:51:26', '2019-10-09 10:51:26'),
(313, 46, 1, 15, 7, 'P', '2019-10-09', '2019-10-09 10:51:34', '2019-10-09 10:51:34'),
(314, 46, 1, 15, 8, 'P', '2019-10-09', '2019-10-09 10:51:34', '2019-10-09 10:51:34'),
(315, 46, 1, 15, 9, 'P', '2019-10-09', '2019-10-09 10:51:34', '2019-10-09 10:51:34'),
(316, 46, 1, 15, 10, 'P', '2019-10-09', '2019-10-09 10:51:34', '2019-10-09 10:51:34'),
(317, 59, 1, 16, 7, 'P', '2019-10-09', '2019-10-09 10:58:02', '2019-10-09 10:58:02'),
(318, 59, 1, 16, 8, 'P', '2019-10-09', '2019-10-09 10:58:02', '2019-10-09 10:58:02'),
(319, 59, 1, 16, 9, 'P', '2019-10-09', '2019-10-09 10:58:02', '2019-10-09 10:58:02'),
(320, 59, 1, 16, 10, 'P', '2019-10-09', '2019-10-09 10:58:02', '2019-10-09 10:58:02'),
(321, 53, 1, 16, 7, 'P', '2019-10-09', '2019-10-09 10:58:12', '2019-10-09 10:58:12'),
(322, 53, 1, 16, 8, 'P', '2019-10-09', '2019-10-09 10:58:12', '2019-10-09 10:58:12'),
(323, 53, 1, 16, 9, 'P', '2019-10-09', '2019-10-09 10:58:12', '2019-10-09 10:58:12'),
(324, 53, 1, 16, 10, 'P', '2019-10-09', '2019-10-09 10:58:12', '2019-10-09 10:58:12'),
(325, 48, 1, 16, 7, 'P', '2019-10-09', '2019-10-09 10:58:20', '2019-10-09 10:58:20'),
(326, 48, 1, 16, 8, 'P', '2019-10-09', '2019-10-09 10:58:20', '2019-10-09 10:58:20'),
(327, 48, 1, 16, 9, 'P', '2019-10-09', '2019-10-09 10:58:20', '2019-10-09 10:58:20'),
(328, 48, 1, 16, 10, 'P', '2019-10-09', '2019-10-09 10:58:20', '2019-10-09 10:58:20');

-- --------------------------------------------------------

--
-- Table structure for table `courses`
--

CREATE TABLE `courses` (
  `id` bigint(20) UNSIGNED NOT NULL,
  `dept_id` bigint(20) UNSIGNED NOT NULL,
  `year_semester_id` int(11) NOT NULL,
  `course_code` varchar(191) COLLATE utf8mb4_unicode_ci NOT NULL,
  `course_title` varchar(191) COLLATE utf8mb4_unicode_ci NOT NULL,
  `credit_hour` double(8,2) NOT NULL,
  `incourse_marks` int(11) NOT NULL,
  `final_marks` int(11) NOT NULL,
  `is_lab` tinyint(1) NOT NULL DEFAULT '0',
  `created_at` timestamp NULL DEFAULT NULL,
  `updated_at` timestamp NULL DEFAULT NULL
) ENGINE=InnoDB DEFAULT CHARSET=utf8mb4 COLLATE=utf8mb4_unicode_ci;

--
-- Dumping data for table `courses`
--

INSERT INTO `courses` (`id`, `dept_id`, `year_semester_id`, `course_code`, `course_title`, `credit_hour`, `incourse_marks`, `final_marks`, `is_lab`, `created_at`, `updated_at`) VALUES
(1, 1, 1, 'IT-1101', 'Information Technology Fundamentals', 3.00, 40, 60, 0, '2019-07-29 21:24:11', '2019-07-29 21:24:11'),
(2, 1, 1, 'IT-1103', 'Introduction to Programming Environment', 3.00, 40, 60, 0, '2019-07-29 21:25:42', '2019-07-29 21:25:42'),
(3, 1, 1, 'IT-1104', 'Structured Programming Language Lab', 1.50, 60, 40, 1, '2019-07-29 21:26:16', '2019-07-29 21:26:16'),
(4, 1, 2, 'IT-1201', 'Data Structures', 3.00, 40, 60, 0, '2019-07-29 21:26:52', '2019-10-01 09:11:06'),
(5, 2, 1, 'M-101', 'Math 101', 4.00, 40, 60, 0, '2019-07-29 21:38:02', '2019-07-29 21:38:02'),
(6, 1, 1, 'IT-1105', 'Electrical Circuits', 3.00, 40, 60, 0, '2019-08-08 20:07:59', '2019-08-08 20:07:59'),
(7, 1, 1, 'IT-1107', 'Differential and Integral Calculus', 3.00, 40, 60, 0, '2019-10-01 09:01:10', '2019-10-01 09:01:10'),
(8, 1, 1, 'IT-1106', 'Electrical Circuits Lab', 1.50, 60, 40, 1, '2019-10-01 09:02:51', '2019-10-01 09:02:51'),
(9, 1, 1, 'IT-1109', 'Communicative English', 3.00, 40, 60, 0, '2019-10-01 09:03:46', '2019-10-01 09:03:46'),
(10, 1, 1, 'IT-1100', 'Project+Viva', 1.00, 60, 40, 1, '2019-10-01 09:05:38', '2019-10-01 09:08:35'),
(11, 1, 2, 'IT-1203', 'Object Oriented Programming', 3.00, 40, 60, 0, '2019-10-01 09:10:39', '2019-10-01 09:10:39'),
(12, 1, 2, 'IT-1205', 'Discrete Math', 3.00, 40, 60, 0, '2019-10-01 09:11:56', '2019-10-01 09:11:56'),
(13, 1, 2, 'IT-1207', 'Economics', 3.00, 40, 60, 0, '2019-10-01 09:12:39', '2019-10-01 09:12:39'),
(14, 1, 2, 'IT-1209', 'Accounting', 3.00, 40, 60, 0, '2019-10-01 09:13:09', '2019-10-01 09:13:09'),
(15, 1, 2, 'IT-1202', 'Data Structures Lab', 1.50, 60, 40, 1, '2019-10-01 09:13:50', '2019-10-01 09:13:50'),
(16, 1, 2, 'IT-1204', 'Object Oriented Programming Lab', 1.50, 60, 40, 1, '2019-10-01 09:14:30', '2019-10-01 09:14:30'),
(17, 1, 2, 'IT-1200', 'Project+Viva', 1.00, 60, 40, 1, '2019-10-01 09:15:13', '2019-10-01 09:15:13'),
(18, 1, 3, 'IT-2101', 'Algorithm Analysis', 3.00, 40, 60, 0, '2019-10-01 09:16:08', '2019-10-01 09:16:08'),
(19, 1, 3, 'IT-2103', 'Computer Architecture', 3.00, 40, 60, 0, '2019-10-01 09:16:51', '2019-10-01 09:16:51'),
(20, 1, 3, 'IT-2105', 'Electronic Devices and Circuits', 3.00, 40, 60, 0, '2019-10-01 09:17:30', '2019-10-01 09:17:30'),
(21, 1, 3, 'IT-2107', 'Complex Variable and Vector Algebra', 3.00, 40, 60, 0, '2019-10-01 09:18:09', '2019-10-01 09:18:09'),
(22, 1, 3, 'IT-2109', 'Statistical and Probability Theory', 3.00, 40, 60, 0, '2019-10-01 09:18:48', '2019-10-01 09:18:48'),
(23, 1, 3, 'IT-2102', 'Algorithm Analysis Lab', 1.50, 60, 40, 1, '2019-10-01 09:20:16', '2019-10-01 09:20:16'),
(24, 1, 3, 'IT-2104', 'Computer Architecture Lab', 1.50, 60, 40, 1, '2019-10-01 09:21:02', '2019-10-01 09:21:02'),
(25, 1, 3, 'IT-2106', 'Electronic Devices and Circuits Lab', 1.50, 60, 40, 1, '2019-10-01 09:22:31', '2019-10-01 09:22:31'),
(26, 1, 3, 'IT-2100', 'Project+Viva', 1.00, 60, 40, 1, '2019-10-01 09:23:37', '2019-10-01 09:23:37'),
(27, 1, 4, 'IT-2201', 'Information System Analysis', 3.00, 40, 60, 0, '2019-10-01 09:25:28', '2019-10-01 09:25:28'),
(28, 1, 4, 'IT-2203', 'Digital Logic Design', 3.00, 40, 60, 0, '2019-10-01 09:26:07', '2019-10-01 09:26:07'),
(29, 1, 4, 'IT-2205', 'Data Communication', 3.00, 40, 60, 0, '2019-10-01 09:26:38', '2019-10-01 09:26:38'),
(30, 1, 4, 'IT-2207', 'Ordinary and Partial Differential Equation', 3.00, 40, 60, 0, '2019-10-01 09:27:19', '2019-10-01 09:27:19'),
(31, 1, 4, 'IT-2209', 'Computational Mathematics', 3.00, 40, 60, 0, '2019-10-01 09:27:52', '2019-10-01 09:27:52'),
(32, 1, 4, 'IT-2202', 'Information System Analysis Lab', 1.50, 60, 40, 1, '2019-10-01 09:28:26', '2019-10-01 09:28:26'),
(33, 1, 4, 'IT-2204', 'DLD Lab', 1.50, 60, 40, 1, '2019-10-01 09:29:27', '2019-10-01 09:29:27'),
(34, 1, 4, 'IT-2210', 'Computational Mathematics Lab', 1.50, 60, 40, 1, '2019-10-01 09:30:26', '2019-10-01 09:30:26'),
(35, 1, 4, 'IT-2200', 'Special Study (Industrial Tour) and Viva', 1.00, 60, 40, 1, '2019-10-01 09:31:06', '2019-10-01 09:31:06'),
(36, 1, 5, 'IT-3101', 'Database Management System', 3.00, 40, 60, 0, '2019-10-01 09:33:16', '2019-10-01 09:33:16'),
(37, 1, 5, 'IT-3103', 'Computer Network and Internet Technology', 3.00, 40, 60, 0, '2019-10-01 09:34:37', '2019-10-01 09:34:37'),
(38, 1, 5, 'IT-3105', 'Signal and System', 3.00, 40, 60, 0, '2019-10-01 09:35:11', '2019-10-01 09:35:11'),
(39, 1, 5, 'IT-3107', 'Operating System', 3.00, 40, 60, 0, '2019-10-01 09:35:49', '2019-10-01 09:35:49'),
(40, 1, 5, 'IT-3109', 'Simulation and Modeling', 3.00, 40, 60, 0, '2019-10-01 09:39:27', '2019-10-01 09:39:27'),
(41, 1, 5, 'IT-3102', 'Database Management System Lab', 1.50, 60, 40, 1, '2019-10-01 09:40:12', '2019-10-01 09:40:12'),
(42, 1, 5, 'IT-3104', 'Computer Network and Internet Technology Lab', 1.50, 60, 40, 1, '2019-10-01 09:41:05', '2019-10-01 09:41:05'),
(43, 1, 5, 'IT-3108', 'Operating System Lab', 1.50, 60, 40, 1, '2019-10-01 09:41:57', '2019-10-01 09:41:57'),
(44, 1, 5, 'IT-3100', 'Project + Viva', 1.00, 60, 40, 1, '2019-10-01 09:42:40', '2019-10-01 09:42:40'),
(45, 1, 6, 'IT-3201', 'Software Engineering', 3.00, 40, 60, 0, '2019-10-01 15:44:51', '2019-10-01 15:44:51'),
(46, 1, 6, 'IT-3203', 'Computer Graphics', 3.00, 40, 60, 0, '2019-10-01 15:45:34', '2019-10-01 15:45:34'),
(47, 1, 6, 'IT-3205', 'Web Technologies', 3.00, 40, 60, 0, '2019-10-01 15:46:11', '2019-10-01 15:46:11'),
(48, 1, 6, 'IT-3207', 'Microprocessor and Interfacing', 3.00, 40, 60, 0, '2019-10-01 15:46:47', '2019-10-01 15:46:47'),
(49, 1, 6, 'IT-3209', 'Introduction to Bio-informatics', 3.00, 40, 60, 0, '2019-10-01 15:47:30', '2019-10-01 15:47:30'),
(50, 1, 6, 'IT-3202', 'Software Engineering Lab', 1.50, 60, 40, 1, '2019-10-01 15:48:05', '2019-10-01 15:48:05'),
(51, 1, 6, 'IT-3204', 'Computer Graphics Lab', 1.50, 60, 40, 1, '2019-10-01 15:48:47', '2019-10-01 15:48:47'),
(52, 1, 6, 'IT-3206', 'Web Programming Lab', 1.50, 60, 40, 1, '2019-10-01 15:49:27', '2019-10-01 15:49:27'),
(53, 1, 6, 'IT-3208', 'Microprocessor and Interfacing Lab', 1.50, 60, 40, 1, '2019-10-01 15:50:33', '2019-10-01 15:50:33'),
(54, 1, 6, 'IT-3200', 'Project + Viva', 1.00, 60, 40, 1, '2019-10-01 15:51:17', '2019-10-01 15:51:17'),
(55, 1, 7, 'IT-4101', 'Artificial Intelligences & Neural Networks', 3.00, 40, 60, 0, '2019-10-01 15:52:11', '2019-10-01 15:52:11'),
(56, 1, 7, 'IT-4103', 'Telecommunication Systems', 3.00, 40, 60, 0, '2019-10-01 15:53:00', '2019-10-01 15:53:00'),
(57, 1, 7, 'IT-4105', 'Management Information System', 3.00, 40, 60, 0, '2019-10-01 15:53:37', '2019-10-01 15:53:37'),
(58, 1, 7, 'IT-4107', 'Parallel and Distributed System', 3.00, 40, 60, 0, '2019-10-01 15:54:07', '2019-10-01 15:54:07'),
(59, 1, 7, 'IT-4109', 'Multimedia Systems & Application', 3.00, 40, 60, 0, '2019-10-01 15:54:35', '2019-10-01 15:54:35'),
(60, 1, 7, 'IT-4102', 'Artificial Intelligences & Neural Networks Lab', 1.50, 60, 40, 1, '2019-10-01 15:55:10', '2019-10-01 15:55:10'),
(61, 1, 7, 'IT-4104', 'Telecommunication Systems Lab', 1.50, 60, 40, 1, '2019-10-01 15:55:44', '2019-10-01 15:55:44'),
(62, 1, 7, 'IT-4100', 'Viva +Thesis/Project Proposal', 1.50, 60, 40, 1, '2019-10-01 15:56:23', '2019-10-01 15:56:23'),
(63, 1, 8, 'IT-4201', 'Human Computer Interfacing', 3.00, 40, 60, 0, '2019-10-01 15:57:19', '2019-10-01 15:57:19'),
(64, 1, 8, 'IT-4203', 'Wireless & Mobile Communication', 3.00, 40, 60, 0, '2019-10-01 15:57:59', '2019-10-01 15:57:59'),
(65, 1, 8, 'IT-4225', 'Digital Image Processing and Pattern Recognition', 3.00, 40, 60, 0, '2019-10-01 15:58:57', '2019-10-01 15:58:57'),
(66, 1, 8, 'IT-4227', 'Mobile application development', 3.00, 40, 60, 0, '2019-10-01 15:59:45', '2019-10-01 15:59:45'),
(67, 1, 8, 'IT-4259', 'Computer Network Security', 3.00, 40, 60, 0, '2019-10-01 16:00:45', '2019-10-01 16:00:45'),
(68, 1, 8, 'IT-4299', 'Thesis/Project', 3.00, 60, 40, 1, '2019-10-01 16:02:07', '2019-10-01 16:02:07'),
(69, 1, 8, 'IT-4200', 'Viva', 1.00, 60, 40, 1, '2019-10-01 16:02:48', '2019-10-01 16:02:48');

-- --------------------------------------------------------

--
-- Table structure for table `course_teachers`
--

CREATE TABLE `course_teachers` (
  `id` bigint(20) UNSIGNED NOT NULL,
  `dept_id` bigint(20) UNSIGNED NOT NULL,
  `session_id` bigint(20) UNSIGNED NOT NULL,
  `code` varchar(191) COLLATE utf8mb4_unicode_ci NOT NULL,
  `course_id` bigint(20) UNSIGNED NOT NULL,
  `teacher_id` bigint(20) UNSIGNED NOT NULL,
  `status` tinyint(1) NOT NULL DEFAULT '0',
  `incourse_submit` tinyint(1) NOT NULL DEFAULT '0',
  `created_at` timestamp NULL DEFAULT NULL,
  `updated_at` timestamp NULL DEFAULT NULL
) ENGINE=InnoDB DEFAULT CHARSET=utf8mb4 COLLATE=utf8mb4_unicode_ci;

--
-- Dumping data for table `course_teachers`
--

INSERT INTO `course_teachers` (`id`, `dept_id`, `session_id`, `code`, `course_id`, `teacher_id`, `status`, `incourse_submit`, `created_at`, `updated_at`) VALUES
(1, 1, 1, '1-1', 1, 3, 1, 1, '2019-07-31 18:40:03', '2019-10-09 07:39:48'),
(2, 1, 1, '1-1', 2, 1, 1, 1, '2019-07-31 18:43:54', '2019-10-08 16:05:42'),
(5, 1, 1, '1-1', 3, 1, 1, 1, '2019-07-31 20:56:41', '2019-10-08 15:59:03'),
(6, 1, 1, '1-2', 4, 1, 1, 1, '2019-07-31 20:57:30', '2019-10-08 15:51:44'),
(7, 1, 1, '1-1', 6, 7, 1, 1, '2019-10-07 18:47:57', '2019-10-08 19:08:37'),
(8, 1, 1, '1-1', 7, 2, 1, 1, '2019-10-07 18:48:59', '2019-10-08 21:54:38'),
(9, 1, 1, '1-1', 8, 7, 1, 1, '2019-10-07 18:49:16', '2019-10-08 19:09:38'),
(10, 1, 1, '1-1', 9, 10, 1, 1, '2019-10-07 18:50:02', '2019-10-09 09:44:24'),
(11, 1, 1, '1-1', 10, 7, 1, 1, '2019-10-07 18:50:49', '2019-10-08 19:09:57'),
(12, 1, 1, '1-2', 11, 11, 1, 1, '2019-10-07 18:51:31', '2019-10-09 10:17:54'),
(13, 1, 1, '1-2', 12, 2, 1, 1, '2019-10-07 18:51:56', '2019-10-08 21:54:22'),
(14, 1, 1, '1-2', 13, 12, 1, 1, '2019-10-07 18:52:15', '2019-10-09 10:24:08'),
(15, 1, 1, '1-2', 14, 14, 1, 1, '2019-10-07 18:52:34', '2019-10-09 10:43:23'),
(16, 1, 1, '1-2', 15, 1, 1, 1, '2019-10-07 18:52:56', '2019-10-08 19:18:43'),
(17, 1, 1, '1-2', 16, 11, 1, 1, '2019-10-07 18:53:20', '2019-10-09 10:17:37'),
(18, 1, 1, '1-2', 17, 7, 1, 1, '2019-10-07 18:53:36', '2019-10-08 19:10:21'),
(19, 1, 1, '2-1', 18, 11, 1, 1, '2019-10-07 18:54:27', '2019-10-09 10:17:21'),
(20, 1, 1, '2-1', 19, 10, 1, 1, '2019-10-07 18:54:43', '2019-10-09 09:44:06'),
(21, 1, 1, '2-1', 20, 14, 1, 1, '2019-10-07 18:55:01', '2019-10-09 10:43:05'),
(22, 1, 1, '2-1', 21, 2, 1, 1, '2019-10-07 18:55:20', '2019-10-08 21:54:05'),
(23, 1, 1, '2-1', 22, 3, 1, 1, '2019-10-07 18:55:38', '2019-10-09 07:41:19'),
(24, 1, 1, '2-1', 23, 11, 1, 1, '2019-10-07 18:56:03', '2019-10-09 10:17:02'),
(25, 1, 1, '2-1', 24, 10, 1, 1, '2019-10-07 18:56:23', '2019-10-09 09:43:50'),
(26, 1, 1, '2-1', 25, 14, 1, 1, '2019-10-07 18:56:45', '2019-10-09 10:42:49'),
(27, 1, 1, '2-1', 26, 9, 1, 1, '2019-10-07 18:57:13', '2019-10-09 09:07:33'),
(28, 1, 1, '2-2', 27, 6, 1, 1, '2019-10-07 18:57:40', '2019-10-09 07:28:01'),
(29, 1, 1, '2-2', 28, 10, 1, 1, '2019-10-07 18:57:59', '2019-10-09 09:43:28'),
(30, 1, 1, '2-2', 29, 9, 1, 1, '2019-10-07 18:58:20', '2019-10-09 09:08:49'),
(31, 1, 1, '2-2', 30, 2, 1, 1, '2019-10-07 18:58:36', '2019-10-08 21:53:49'),
(32, 1, 1, '2-2', 31, 2, 1, 1, '2019-10-07 18:58:53', '2019-10-08 21:53:31'),
(33, 1, 1, '2-2', 32, 6, 1, 1, '2019-10-07 18:59:19', '2019-10-09 07:27:43'),
(34, 1, 1, '2-2', 33, 10, 1, 1, '2019-10-07 18:59:38', '2019-10-09 09:43:09'),
(35, 1, 1, '2-2', 34, 2, 1, 1, '2019-10-07 18:59:58', '2019-10-08 21:53:12'),
(36, 1, 1, '2-2', 35, 9, 1, 1, '2019-10-07 19:00:19', '2019-10-09 09:07:14'),
(37, 1, 1, '3-1', 36, 8, 1, 1, '2019-10-07 19:01:30', '2019-10-09 08:13:45'),
(38, 1, 1, '3-1', 37, 9, 1, 1, '2019-10-07 19:01:49', '2019-10-09 09:08:31'),
(39, 1, 1, '3-1', 38, 6, 1, 1, '2019-10-07 19:02:05', '2019-10-09 07:26:43'),
(40, 1, 1, '3-1', 39, 10, 1, 1, '2019-10-07 19:02:25', '2019-10-09 09:42:55'),
(41, 1, 1, '3-1', 40, 11, 1, 1, '2019-10-07 19:02:43', '2019-10-09 10:16:45'),
(42, 1, 1, '3-1', 41, 8, 1, 1, '2019-10-07 19:03:01', '2019-10-09 08:12:12'),
(43, 1, 1, '3-1', 42, 9, 1, 1, '2019-10-07 19:03:33', '2019-10-09 09:06:56'),
(44, 1, 1, '3-1', 43, 10, 1, 1, '2019-10-07 19:03:53', '2019-10-09 09:42:37'),
(45, 1, 1, '3-1', 44, 2, 1, 1, '2019-10-07 19:04:26', '2019-10-08 21:52:54'),
(46, 1, 1, '3-2', 45, 8, 1, 1, '2019-10-07 19:04:44', '2019-10-09 08:11:28'),
(47, 1, 1, '3-2', 46, 15, 1, 1, '2019-10-07 19:05:12', '2019-10-09 10:55:40'),
(48, 1, 1, '3-2', 47, 10, 1, 1, '2019-10-07 19:05:53', '2019-10-09 09:42:18'),
(49, 1, 1, '3-2', 48, 16, 1, 1, '2019-10-07 19:06:09', '2019-10-09 11:05:58'),
(50, 1, 1, '3-2', 49, 3, 1, 1, '2019-10-07 19:06:23', '2019-10-09 07:40:35'),
(51, 1, 1, '3-2', 50, 8, 1, 1, '2019-10-07 19:06:51', '2019-10-09 08:11:12'),
(52, 1, 1, '3-2', 51, 15, 1, 1, '2019-10-07 19:07:07', '2019-10-09 10:55:25'),
(53, 1, 1, '3-2', 52, 10, 1, 1, '2019-10-07 19:07:26', '2019-10-09 09:42:00'),
(54, 1, 1, '3-2', 53, 16, 1, 1, '2019-10-07 19:07:43', '2019-10-09 11:05:39'),
(55, 1, 1, '3-2', 54, 3, 1, 1, '2019-10-07 19:08:26', '2019-10-09 07:40:17'),
(56, 1, 1, '4-1', 55, 13, 1, 1, '2019-10-07 19:08:57', '2019-10-09 10:34:46'),
(57, 1, 1, '4-1', 56, 9, 1, 1, '2019-10-07 19:09:30', '2019-10-09 09:08:13'),
(58, 1, 1, '4-1', 57, 6, 1, 1, '2019-10-07 19:09:53', '2019-10-09 07:24:17'),
(59, 1, 1, '4-1', 58, 9, 1, 1, '2019-10-07 19:10:27', '2019-10-09 09:07:54'),
(60, 1, 1, '4-1', 59, 16, 1, 1, '2019-10-07 19:10:45', '2019-10-09 11:05:24'),
(61, 1, 1, '4-1', 60, 13, 1, 1, '2019-10-07 19:11:15', '2019-10-09 10:34:25'),
(62, 1, 1, '4-1', 61, 9, 1, 1, '2019-10-07 19:11:41', '2019-10-09 09:06:39'),
(63, 1, 1, '4-1', 62, 1, 1, 1, '2019-10-07 19:12:17', '2019-10-08 20:05:56'),
(64, 1, 1, '4-2', 63, 13, 1, 1, '2019-10-07 19:12:40', '2019-10-09 10:33:42'),
(66, 1, 1, '4-2', 64, 7, 1, 1, '2019-10-07 19:13:36', '2019-10-08 19:10:44'),
(67, 1, 1, '4-2', 65, 8, 1, 1, '2019-10-07 19:14:04', '2019-10-09 08:10:55'),
(68, 1, 1, '4-2', 66, 2, 1, 1, '2019-10-07 19:14:24', '2019-10-08 21:52:36'),
(69, 1, 1, '4-2', 67, 6, 1, 1, '2019-10-07 19:14:47', '2019-10-09 07:23:58'),
(70, 1, 1, '4-2', 68, 1, 1, 1, '2019-10-07 19:15:07', '2019-10-08 20:09:36'),
(71, 1, 1, '4-2', 69, 1, 1, 1, '2019-10-07 19:15:19', '2019-10-08 20:14:47');

-- --------------------------------------------------------

--
-- Table structure for table `depts`
--

CREATE TABLE `depts` (
  `id` bigint(20) UNSIGNED NOT NULL,
  `name` varchar(191) COLLATE utf8mb4_unicode_ci NOT NULL,
  `slug` varchar(191) COLLATE utf8mb4_unicode_ci NOT NULL,
  `short_name` varchar(20) COLLATE utf8mb4_unicode_ci NOT NULL,
  `is_semester` tinyint(1) NOT NULL DEFAULT '0',
  `created_at` timestamp NULL DEFAULT NULL,
  `updated_at` timestamp NULL DEFAULT NULL
) ENGINE=InnoDB DEFAULT CHARSET=utf8mb4 COLLATE=utf8mb4_unicode_ci;

--
-- Dumping data for table `depts`
--

INSERT INTO `depts` (`id`, `name`, `slug`, `short_name`, `is_semester`, `created_at`, `updated_at`) VALUES
(1, 'Institute of Information Technology', 'institute-of-information-technology', 'IIT', 1, '2019-07-26 13:57:13', '2019-07-29 20:21:31'),
(2, 'Mathamatics', 'mathamatics', 'Math', 0, '2019-07-26 13:57:45', '2019-07-29 20:21:51');

-- --------------------------------------------------------

--
-- Table structure for table `designations`
--

CREATE TABLE `designations` (
  `id` bigint(20) UNSIGNED NOT NULL,
  `name` varchar(191) COLLATE utf8mb4_unicode_ci NOT NULL,
  `slug` varchar(191) COLLATE utf8mb4_unicode_ci NOT NULL,
  `created_at` timestamp NULL DEFAULT NULL,
  `updated_at` timestamp NULL DEFAULT NULL
) ENGINE=InnoDB DEFAULT CHARSET=utf8mb4 COLLATE=utf8mb4_unicode_ci;

--
-- Dumping data for table `designations`
--

INSERT INTO `designations` (`id`, `name`, `slug`, `created_at`, `updated_at`) VALUES
(1, 'Professor', 'professor', '2019-07-26 15:52:02', '2019-07-26 15:52:02'),
(2, 'Associate Professor', 'associate-professor', '2019-07-26 15:55:36', '2019-07-26 15:55:36'),
(3, 'Assistant Professor', 'assistant-professor', '2019-07-26 15:56:00', '2019-07-26 15:56:00'),
(4, 'Lecturer', 'lecturer', '2019-07-26 15:56:14', '2019-07-26 15:59:14');

-- --------------------------------------------------------

--
-- Table structure for table `externals`
--

CREATE TABLE `externals` (
  `id` bigint(20) UNSIGNED NOT NULL,
  `session_id` bigint(20) UNSIGNED NOT NULL,
  `dept_id` bigint(20) UNSIGNED NOT NULL,
  `course_id` bigint(20) UNSIGNED NOT NULL,
  `external_1` bigint(20) UNSIGNED NOT NULL,
  `external_2` bigint(20) UNSIGNED NOT NULL,
  `external_1_status` tinyint(1) NOT NULL DEFAULT '0',
  `external_2_status` tinyint(1) NOT NULL DEFAULT '0',
  `created_at` timestamp NULL DEFAULT NULL,
  `updated_at` timestamp NULL DEFAULT NULL
) ENGINE=InnoDB DEFAULT CHARSET=utf8mb4 COLLATE=utf8mb4_unicode_ci;

--
-- Dumping data for table `externals`
--

INSERT INTO `externals` (`id`, `session_id`, `dept_id`, `course_id`, `external_1`, `external_2`, `external_1_status`, `external_2_status`, `created_at`, `updated_at`) VALUES
(1, 1, 1, 4, 2, 3, 1, 1, '2019-10-01 18:06:29', '2019-10-05 17:13:56'),
(3, 1, 1, 1, 1, 2, 1, 0, '2019-10-01 19:13:13', '2019-10-05 16:16:42'),
(4, 1, 1, 11, 3, 1, 1, 0, '2019-10-03 09:00:59', '2019-10-09 07:41:43'),
(5, 1, 1, 2, 11, 3, 1, 0, '2019-10-03 09:01:29', '2019-10-09 10:18:33'),
(6, 1, 1, 3, 8, 10, 1, 0, '2019-10-07 19:31:13', '2019-10-09 08:14:34'),
(7, 1, 1, 6, 14, 16, 1, 0, '2019-10-07 19:31:47', '2019-10-09 10:44:38'),
(8, 1, 1, 7, 3, 8, 1, 0, '2019-10-07 19:32:24', '2019-10-09 07:41:58'),
(9, 1, 1, 8, 14, 15, 1, 0, '2019-10-07 19:32:56', '2019-10-09 10:44:54'),
(10, 1, 1, 9, 1, 6, 1, 0, '2019-10-07 19:33:19', '2019-10-08 20:16:29'),
(11, 1, 1, 10, 12, 10, 1, 0, '2019-10-07 19:34:15', '2019-10-09 10:24:31'),
(12, 1, 1, 12, 11, 7, 1, 0, '2019-10-07 19:35:03', '2019-10-09 10:18:53'),
(13, 1, 1, 13, 11, 9, 1, 0, '2019-10-07 19:35:53', '2019-10-09 10:19:11'),
(14, 1, 1, 14, 9, 2, 1, 0, '2019-10-07 19:36:36', '2019-10-09 09:13:02'),
(15, 1, 1, 15, 8, 11, 1, 0, '2019-10-07 19:37:09', '2019-10-09 08:14:54'),
(16, 1, 1, 16, 1, 8, 1, 0, '2019-10-07 19:37:40', '2019-10-08 20:16:50'),
(17, 1, 1, 17, 10, 11, 1, 0, '2019-10-07 19:38:18', '2019-10-09 09:44:46'),
(18, 1, 1, 18, 1, 8, 1, 0, '2019-10-08 01:26:39', '2019-10-08 20:17:18'),
(19, 1, 1, 19, 9, 6, 1, 0, '2019-10-08 01:27:07', '2019-10-09 09:13:30'),
(20, 1, 1, 20, 7, 12, 1, 0, '2019-10-08 01:27:36', '2019-10-08 19:12:52'),
(21, 1, 1, 21, 10, 13, 1, 0, '2019-10-08 01:28:02', '2019-10-09 09:45:02'),
(22, 1, 1, 22, 6, 13, 1, 0, '2019-10-08 01:28:25', '2019-10-09 07:28:23'),
(23, 1, 1, 23, 1, 8, 1, 0, '2019-10-08 01:29:02', '2019-10-08 20:17:40'),
(24, 1, 1, 24, 9, 7, 1, 0, '2019-10-08 01:29:36', '2019-10-09 09:13:50'),
(25, 1, 1, 25, 7, 12, 1, 0, '2019-10-08 01:30:14', '2019-10-08 19:13:22'),
(26, 1, 1, 26, 2, 6, 1, 0, '2019-10-08 01:30:57', '2019-10-08 21:55:11'),
(27, 1, 1, 27, 11, 3, 1, 0, '2019-10-08 01:32:15', '2019-10-09 10:19:27'),
(28, 1, 1, 28, 9, 12, 1, 0, '2019-10-08 01:32:55', '2019-10-09 09:14:09'),
(29, 1, 1, 29, 1, 7, 1, 0, '2019-10-08 01:33:28', '2019-10-08 20:18:00'),
(30, 1, 1, 30, 8, 3, 1, 0, '2019-10-08 01:33:53', '2019-10-09 08:14:18'),
(31, 1, 1, 31, 6, 14, 1, 0, '2019-10-08 01:34:44', '2019-10-09 07:28:45'),
(32, 1, 1, 32, 15, 11, 1, 0, '2019-10-08 01:35:39', '2019-10-09 10:56:01'),
(33, 1, 1, 33, 9, 7, 1, 0, '2019-10-08 01:36:04', '2019-10-09 09:14:30'),
(34, 1, 1, 34, 7, 12, 1, 0, '2019-10-08 01:36:31', '2019-10-08 19:13:48'),
(35, 1, 1, 35, 8, 10, 1, 0, '2019-10-08 01:37:20', '2019-10-09 08:16:33'),
(36, 1, 1, 36, 1, 3, 1, 0, '2019-10-08 01:38:46', '2019-10-08 20:18:18'),
(37, 1, 1, 37, 6, 12, 1, 0, '2019-10-08 01:39:45', '2019-10-09 07:29:30'),
(38, 1, 1, 38, 7, 8, 1, 0, '2019-10-08 01:40:16', '2019-10-08 19:14:08'),
(39, 1, 1, 39, 9, 6, 1, 0, '2019-10-08 01:40:44', '2019-10-09 09:15:09'),
(40, 1, 1, 40, 1, 9, 1, 0, '2019-10-08 01:41:27', '2019-10-08 20:20:12'),
(41, 1, 1, 41, 3, 6, 1, 0, '2019-10-08 01:42:55', '2019-10-09 07:42:33'),
(42, 1, 1, 42, 12, 11, 1, 0, '2019-10-08 01:43:29', '2019-10-09 10:24:46'),
(43, 1, 1, 43, 9, 7, 1, 0, '2019-10-08 01:43:55', '2019-10-09 09:15:54'),
(44, 1, 1, 44, 3, 9, 1, 0, '2019-10-08 01:44:31', '2019-10-09 07:42:49'),
(45, 1, 1, 45, 1, 9, 1, 0, '2019-10-08 01:46:00', '2019-10-08 20:22:41'),
(46, 1, 1, 46, 9, 1, 1, 0, '2019-10-08 01:46:27', '2019-10-09 09:16:14'),
(47, 1, 1, 47, 15, 6, 1, 0, '2019-10-08 01:46:56', '2019-10-09 10:56:18'),
(48, 1, 1, 48, 10, 2, 1, 0, '2019-10-08 01:48:26', '2019-10-09 09:45:18'),
(49, 1, 1, 49, 1, 13, 1, 0, '2019-10-08 01:48:56', '2019-10-08 20:23:10'),
(50, 1, 1, 50, 9, 7, 1, 0, '2019-10-08 01:49:24', '2019-10-09 09:16:32'),
(51, 1, 1, 51, 11, 6, 1, 0, '2019-10-08 01:50:28', '2019-10-09 10:18:17'),
(52, 1, 1, 52, 8, 6, 1, 0, '2019-10-08 01:51:06', '2019-10-09 08:16:56'),
(53, 1, 1, 53, 10, 14, 1, 0, '2019-10-08 01:51:41', '2019-10-09 09:45:36'),
(54, 1, 1, 54, 6, 11, 1, 0, '2019-10-08 01:52:13', '2019-10-09 07:29:47'),
(55, 1, 1, 55, 10, 12, 1, 0, '2019-10-08 01:53:51', '2019-10-09 09:45:57'),
(56, 1, 1, 56, 13, 6, 1, 0, '2019-10-08 01:54:29', '2019-10-09 10:35:41'),
(57, 1, 1, 57, 11, 14, 1, 0, '2019-10-08 01:54:54', '2019-10-09 10:19:44'),
(58, 1, 1, 58, 11, 1, 1, 0, '2019-10-08 01:55:15', '2019-10-09 10:20:02'),
(59, 1, 1, 59, 1, 6, 1, 0, '2019-10-08 01:55:47', '2019-10-08 20:23:40'),
(60, 1, 1, 60, 2, 7, 1, 0, '2019-10-08 01:56:42', '2019-10-08 21:55:29'),
(61, 1, 1, 61, 3, 10, 1, 0, '2019-10-08 01:57:01', '2019-10-09 07:43:45'),
(62, 1, 1, 62, 12, 10, 1, 0, '2019-10-08 01:57:36', '2019-10-09 10:25:05'),
(63, 1, 1, 63, 7, 12, 1, 0, '2019-10-08 01:58:14', '2019-10-08 19:14:26'),
(64, 1, 1, 64, 1, 8, 1, 0, '2019-10-08 01:58:46', '2019-10-08 20:24:10'),
(65, 1, 1, 65, 1, 9, 1, 0, '2019-10-08 01:59:09', '2019-10-08 20:24:31'),
(66, 1, 1, 66, 7, 1, 1, 0, '2019-10-08 01:59:31', '2019-10-08 19:14:44'),
(67, 1, 1, 67, 10, 3, 1, 0, '2019-10-08 01:59:57', '2019-10-09 09:46:13'),
(68, 1, 1, 68, 8, 2, 1, 0, '2019-10-08 02:00:19', '2019-10-09 08:17:11'),
(69, 1, 1, 69, 9, 10, 1, 0, '2019-10-08 02:00:37', '2019-10-09 09:16:48');

-- --------------------------------------------------------

--
-- Table structure for table `final_marks`
--

CREATE TABLE `final_marks` (
  `id` bigint(20) UNSIGNED NOT NULL,
  `session_id` bigint(20) UNSIGNED NOT NULL,
  `dept_id` bigint(20) UNSIGNED NOT NULL,
  `course_id` bigint(20) UNSIGNED NOT NULL,
  `reg_no` int(11) NOT NULL,
  `exam_roll` int(11) NOT NULL,
  `teacher_1_marks` double(8,2) DEFAULT NULL,
  `teacher_2_marks` double(8,2) DEFAULT NULL,
  `teacher_3_marks` double(8,2) DEFAULT NULL,
  `status` tinyint(1) NOT NULL DEFAULT '0',
  `created_at` timestamp NULL DEFAULT NULL,
  `updated_at` timestamp NULL DEFAULT NULL
) ENGINE=InnoDB DEFAULT CHARSET=utf8mb4 COLLATE=utf8mb4_unicode_ci;

--
-- Dumping data for table `final_marks`
--

INSERT INTO `final_marks` (`id`, `session_id`, `dept_id`, `course_id`, `reg_no`, `exam_roll`, `teacher_1_marks`, `teacher_2_marks`, `teacher_3_marks`, `status`, `created_at`, `updated_at`) VALUES
(1, 1, 1, 4, 41134, 152396, 50.00, 45.00, NULL, 0, '2019-10-02 16:12:05', '2019-10-03 09:34:59'),
(2, 1, 1, 4, 41144, 152419, 42.00, 30.00, 34.00, 0, '2019-10-02 16:12:05', '2019-10-03 18:05:08'),
(3, 1, 1, 4, 41148, 152423, 47.00, 46.00, NULL, 0, '2019-10-02 16:12:06', '2019-10-03 09:34:59'),
(4, 1, 1, 4, 41428, 152450, 31.00, 44.00, 26.00, 0, '2019-10-02 16:12:06', '2019-10-03 18:05:21'),
(5, 1, 1, 1, 41134, 152396, 50.00, 35.00, NULL, 0, '2019-10-02 20:43:32', '2019-10-03 09:38:03'),
(6, 1, 1, 1, 41144, 152419, 30.00, 45.00, 34.00, 0, '2019-10-02 20:43:32', '2019-10-03 09:38:04'),
(7, 1, 1, 1, 41148, 152423, 47.00, 46.00, NULL, 0, '2019-10-02 20:43:32', '2019-10-03 09:38:04'),
(8, 1, 1, 1, 41428, 152450, 41.00, 44.00, NULL, 0, '2019-10-02 20:43:32', '2019-10-03 09:38:04'),
(9, 1, 1, 2, 41134, 152396, 50.00, 45.00, NULL, 0, '2019-10-06 09:42:29', '2019-10-09 10:18:27'),
(10, 1, 1, 2, 41144, 152419, 42.00, 37.00, NULL, 0, '2019-10-06 09:42:29', '2019-10-09 10:18:27'),
(11, 1, 1, 2, 41148, 152423, 47.00, 46.00, NULL, 0, '2019-10-06 09:42:29', '2019-10-09 10:18:27'),
(12, 1, 1, 2, 41428, 152450, 41.00, 44.00, NULL, 0, '2019-10-06 09:42:29', '2019-10-09 10:18:27'),
(13, 1, 1, 3, 41134, 152396, 35.00, 31.00, NULL, 0, '2019-10-07 19:19:38', '2019-10-09 08:14:28'),
(14, 1, 1, 3, 41144, 152419, 31.00, 30.00, NULL, 0, '2019-10-07 19:19:38', '2019-10-09 08:14:28'),
(15, 1, 1, 3, 41148, 152423, 36.00, 35.00, NULL, 0, '2019-10-07 19:19:38', '2019-10-09 08:14:28'),
(16, 1, 1, 3, 41428, 152450, 34.00, 30.00, NULL, 0, '2019-10-07 19:19:38', '2019-10-09 08:14:28'),
(17, 1, 1, 15, 41134, 152396, 32.00, 31.00, NULL, 0, '2019-10-07 19:23:46', '2019-10-09 08:14:44'),
(18, 1, 1, 15, 41144, 152419, 33.00, 30.00, NULL, 0, '2019-10-07 19:23:46', '2019-10-09 08:14:44'),
(19, 1, 1, 15, 41148, 152423, 34.00, 35.00, NULL, 0, '2019-10-07 19:23:46', '2019-10-09 08:14:44'),
(20, 1, 1, 15, 41428, 152450, 31.00, 30.00, NULL, 0, '2019-10-07 19:23:46', '2019-10-09 08:14:44'),
(21, 1, 1, 62, 41134, 152396, 32.00, 31.00, NULL, 0, '2019-10-07 19:24:51', '2019-10-09 10:24:56'),
(22, 1, 1, 62, 41144, 152419, 33.00, 30.00, NULL, 0, '2019-10-07 19:24:51', '2019-10-09 10:24:56'),
(23, 1, 1, 62, 41148, 152423, 34.00, 35.00, NULL, 0, '2019-10-07 19:24:51', '2019-10-09 10:24:56'),
(24, 1, 1, 62, 41428, 152450, 31.00, 30.00, NULL, 0, '2019-10-07 19:24:51', '2019-10-09 10:24:56'),
(25, 1, 1, 68, 41134, 152396, 32.00, 31.00, NULL, 0, '2019-10-07 19:25:21', '2019-10-09 08:17:05'),
(26, 1, 1, 68, 41144, 152419, 33.00, 30.00, NULL, 0, '2019-10-07 19:25:21', '2019-10-09 08:17:05'),
(27, 1, 1, 68, 41148, 152423, 34.00, 35.00, NULL, 0, '2019-10-07 19:25:21', '2019-10-09 08:17:05'),
(28, 1, 1, 68, 41428, 152450, 31.00, 30.00, NULL, 0, '2019-10-07 19:25:21', '2019-10-09 08:17:05'),
(29, 1, 1, 69, 41134, 152396, 32.00, 31.00, NULL, 0, '2019-10-07 19:25:52', '2019-10-09 09:16:41'),
(30, 1, 1, 69, 41144, 152419, 33.00, 30.00, NULL, 0, '2019-10-07 19:25:52', '2019-10-09 09:16:41'),
(31, 1, 1, 69, 41148, 152423, 34.00, 35.00, NULL, 0, '2019-10-07 19:25:52', '2019-10-09 09:16:41'),
(32, 1, 1, 69, 41428, 152450, 31.00, 30.00, NULL, 0, '2019-10-07 19:25:52', '2019-10-09 09:16:41'),
(33, 1, 1, 6, 41134, 152396, 50.00, 45.00, NULL, 0, '2019-10-08 19:08:26', '2019-10-09 10:44:32'),
(34, 1, 1, 6, 41144, 152419, 42.00, 37.00, NULL, 0, '2019-10-08 19:08:26', '2019-10-09 10:44:32'),
(35, 1, 1, 6, 41148, 152423, 47.00, 46.00, NULL, 0, '2019-10-08 19:08:26', '2019-10-09 10:44:32'),
(36, 1, 1, 6, 41428, 152450, 41.00, 44.00, NULL, 0, '2019-10-08 19:08:26', '2019-10-09 10:44:32'),
(37, 1, 1, 8, 41134, 152396, 32.00, 31.00, NULL, 0, '2019-10-08 19:09:03', '2019-10-09 10:44:49'),
(38, 1, 1, 8, 41144, 152419, 33.00, 30.00, NULL, 0, '2019-10-08 19:09:03', '2019-10-09 10:44:49'),
(39, 1, 1, 8, 41148, 152423, 34.00, 35.00, NULL, 0, '2019-10-08 19:09:03', '2019-10-09 10:44:49'),
(40, 1, 1, 8, 41428, 152450, 31.00, 30.00, NULL, 0, '2019-10-08 19:09:03', '2019-10-09 10:44:49'),
(41, 1, 1, 10, 41134, 152396, 32.00, 31.00, NULL, 0, '2019-10-08 19:09:49', '2019-10-09 10:24:24'),
(42, 1, 1, 10, 41144, 152419, 33.00, 30.00, NULL, 0, '2019-10-08 19:09:49', '2019-10-09 10:24:24'),
(43, 1, 1, 10, 41148, 152423, 34.00, 35.00, NULL, 0, '2019-10-08 19:09:49', '2019-10-09 10:24:24'),
(44, 1, 1, 10, 41428, 152450, 31.00, 30.00, NULL, 0, '2019-10-08 19:09:49', '2019-10-09 10:24:24'),
(45, 1, 1, 17, 41134, 152396, 32.00, 31.00, NULL, 0, '2019-10-08 19:10:07', '2019-10-09 09:44:39'),
(46, 1, 1, 17, 41144, 152419, 33.00, 30.00, NULL, 0, '2019-10-08 19:10:07', '2019-10-09 09:44:39'),
(47, 1, 1, 17, 41148, 152423, 34.00, 35.00, NULL, 0, '2019-10-08 19:10:07', '2019-10-09 09:44:39'),
(48, 1, 1, 17, 41428, 152450, 31.00, 30.00, NULL, 0, '2019-10-08 19:10:07', '2019-10-09 09:44:39'),
(49, 1, 1, 64, 41134, 152396, 50.00, 45.00, NULL, 0, '2019-10-08 19:10:31', '2019-10-08 20:23:52'),
(50, 1, 1, 64, 41144, 152419, 42.00, 31.00, NULL, 0, '2019-10-08 19:10:31', '2019-10-08 20:23:52'),
(51, 1, 1, 64, 41148, 152423, 47.00, 46.00, NULL, 0, '2019-10-08 19:10:31', '2019-10-08 20:23:52'),
(52, 1, 1, 64, 41428, 152450, 41.00, 44.00, NULL, 0, '2019-10-08 19:10:31', '2019-10-08 20:23:52'),
(53, 1, 1, 20, 41134, 152396, 50.00, 45.00, NULL, 0, '2019-10-08 19:12:41', '2019-10-09 10:42:58'),
(54, 1, 1, 20, 41144, 152419, 42.00, 31.00, NULL, 0, '2019-10-08 19:12:41', '2019-10-09 10:42:59'),
(55, 1, 1, 20, 41148, 152423, 47.00, 46.00, NULL, 0, '2019-10-08 19:12:41', '2019-10-09 10:42:59'),
(56, 1, 1, 20, 41428, 152450, 41.00, 44.00, NULL, 0, '2019-10-08 19:12:41', '2019-10-09 10:42:59'),
(57, 1, 1, 25, 41134, 152396, 32.00, 31.00, NULL, 0, '2019-10-08 19:13:12', '2019-10-09 10:42:42'),
(58, 1, 1, 25, 41144, 152419, 33.00, 30.00, NULL, 0, '2019-10-08 19:13:12', '2019-10-09 10:42:42'),
(59, 1, 1, 25, 41148, 152423, 34.00, 35.00, NULL, 0, '2019-10-08 19:13:12', '2019-10-09 10:42:42'),
(60, 1, 1, 25, 41428, 152450, 31.00, 30.00, NULL, 0, '2019-10-08 19:13:12', '2019-10-09 10:42:42'),
(61, 1, 1, 34, 41134, 152396, 31.00, 31.00, NULL, 0, '2019-10-08 19:13:38', '2019-10-08 21:53:04'),
(62, 1, 1, 34, 41144, 152419, 30.00, 30.00, NULL, 0, '2019-10-08 19:13:38', '2019-10-08 21:53:04'),
(63, 1, 1, 34, 41148, 152423, 35.00, 35.00, NULL, 0, '2019-10-08 19:13:38', '2019-10-08 21:53:04'),
(64, 1, 1, 34, 41428, 152450, 30.00, 30.00, NULL, 0, '2019-10-08 19:13:38', '2019-10-08 21:53:04'),
(65, 1, 1, 38, 41134, 152396, 50.00, 45.00, NULL, 0, '2019-10-08 19:14:01', '2019-10-09 07:25:59'),
(66, 1, 1, 38, 41144, 152419, 42.00, 31.00, NULL, 0, '2019-10-08 19:14:01', '2019-10-09 07:25:59'),
(67, 1, 1, 38, 41148, 152423, 47.00, 46.00, NULL, 0, '2019-10-08 19:14:01', '2019-10-09 07:26:00'),
(68, 1, 1, 38, 41428, 152450, 41.00, 44.00, NULL, 0, '2019-10-08 19:14:01', '2019-10-09 07:26:00'),
(69, 1, 1, 63, 41134, 152396, 50.00, 45.00, NULL, 0, '2019-10-08 19:14:20', '2019-10-09 10:33:35'),
(70, 1, 1, 63, 41144, 152419, 42.00, 31.00, NULL, 0, '2019-10-08 19:14:20', '2019-10-09 10:33:35'),
(71, 1, 1, 63, 41148, 152423, 47.00, 46.00, NULL, 0, '2019-10-08 19:14:20', '2019-10-09 10:33:35'),
(72, 1, 1, 63, 41428, 152450, 41.00, 44.00, NULL, 0, '2019-10-08 19:14:20', '2019-10-09 10:33:35'),
(73, 1, 1, 66, 41134, 152396, 50.00, 45.00, NULL, 0, '2019-10-08 19:14:37', '2019-10-08 21:52:23'),
(74, 1, 1, 66, 41144, 152419, 42.00, 31.00, NULL, 0, '2019-10-08 19:14:37', '2019-10-08 21:52:23'),
(75, 1, 1, 66, 41148, 152423, 47.00, 46.00, NULL, 0, '2019-10-08 19:14:37', '2019-10-08 21:52:23'),
(76, 1, 1, 66, 41428, 152450, 41.00, 44.00, NULL, 0, '2019-10-08 19:14:37', '2019-10-08 21:52:23'),
(77, 1, 1, 9, 41134, 152396, 50.00, 45.00, NULL, 0, '2019-10-08 20:16:21', '2019-10-09 09:44:14'),
(78, 1, 1, 9, 41144, 152419, 42.00, 31.00, NULL, 0, '2019-10-08 20:16:21', '2019-10-09 09:44:14'),
(79, 1, 1, 9, 41148, 152423, 47.00, 46.00, NULL, 0, '2019-10-08 20:16:21', '2019-10-09 09:44:15'),
(80, 1, 1, 9, 41428, 152450, 41.00, 44.00, NULL, 0, '2019-10-08 20:16:21', '2019-10-09 09:44:15'),
(81, 1, 1, 16, 41134, 152396, 32.00, 31.00, NULL, 0, '2019-10-08 20:16:39', '2019-10-09 10:17:30'),
(82, 1, 1, 16, 41144, 152419, 33.00, 30.00, NULL, 0, '2019-10-08 20:16:39', '2019-10-09 10:17:30'),
(83, 1, 1, 16, 41148, 152423, 34.00, 35.00, NULL, 0, '2019-10-08 20:16:40', '2019-10-09 10:17:30'),
(84, 1, 1, 16, 41428, 152450, 31.00, 30.00, NULL, 0, '2019-10-08 20:16:40', '2019-10-09 10:17:30'),
(85, 1, 1, 18, 41134, 152396, 50.00, 45.00, NULL, 0, '2019-10-08 20:17:11', '2019-10-09 10:17:13'),
(86, 1, 1, 18, 41144, 152419, 42.00, 31.00, NULL, 0, '2019-10-08 20:17:11', '2019-10-09 10:17:13'),
(87, 1, 1, 18, 41148, 152423, 47.00, 46.00, NULL, 0, '2019-10-08 20:17:12', '2019-10-09 10:17:13'),
(88, 1, 1, 18, 41428, 152450, 41.00, 44.00, NULL, 0, '2019-10-08 20:17:12', '2019-10-09 10:17:13'),
(89, 1, 1, 23, 41134, 152396, 32.00, 31.00, NULL, 0, '2019-10-08 20:17:29', '2019-10-09 10:16:54'),
(90, 1, 1, 23, 41144, 152419, 33.00, 30.00, NULL, 0, '2019-10-08 20:17:29', '2019-10-09 10:16:54'),
(91, 1, 1, 23, 41148, 152423, 34.00, 35.00, NULL, 0, '2019-10-08 20:17:29', '2019-10-09 10:16:55'),
(92, 1, 1, 23, 41428, 152450, 31.00, 30.00, NULL, 0, '2019-10-08 20:17:29', '2019-10-09 10:16:55'),
(93, 1, 1, 29, 41134, 152396, 50.00, 45.00, NULL, 0, '2019-10-08 20:17:53', '2019-10-09 09:08:42'),
(94, 1, 1, 29, 41144, 152419, 42.00, 31.00, NULL, 0, '2019-10-08 20:17:53', '2019-10-09 09:08:42'),
(95, 1, 1, 29, 41148, 152423, 47.00, 46.00, NULL, 0, '2019-10-08 20:17:53', '2019-10-09 09:08:42'),
(96, 1, 1, 29, 41428, 152450, 41.00, 44.00, NULL, 0, '2019-10-08 20:17:53', '2019-10-09 09:08:42'),
(97, 1, 1, 36, 41134, 152396, 50.00, 45.00, NULL, 0, '2019-10-08 20:18:11', '2019-10-09 08:13:03'),
(98, 1, 1, 36, 41144, 152419, 42.00, 31.00, NULL, 0, '2019-10-08 20:18:11', '2019-10-09 08:13:03'),
(99, 1, 1, 36, 41148, 152423, 47.00, 46.00, NULL, 0, '2019-10-08 20:18:11', '2019-10-09 08:13:03'),
(100, 1, 1, 36, 41428, 152450, 41.00, 44.00, NULL, 0, '2019-10-08 20:18:11', '2019-10-09 08:13:04'),
(101, 1, 1, 40, 41134, 152396, 50.00, 45.00, NULL, 0, '2019-10-08 20:18:47', '2019-10-09 10:16:38'),
(102, 1, 1, 40, 41144, 152419, 42.00, 31.00, NULL, 0, '2019-10-08 20:18:47', '2019-10-09 10:16:38'),
(103, 1, 1, 40, 41148, 152423, 47.00, 46.00, NULL, 0, '2019-10-08 20:18:47', '2019-10-09 10:16:38'),
(104, 1, 1, 40, 41428, 152450, 41.00, 44.00, NULL, 0, '2019-10-08 20:18:47', '2019-10-09 10:16:38'),
(105, 1, 1, 45, 41134, 152396, 50.00, 45.00, NULL, 0, '2019-10-08 20:22:22', '2019-10-09 08:11:21'),
(106, 1, 1, 45, 41144, 152419, 42.00, 31.00, NULL, 0, '2019-10-08 20:22:22', '2019-10-09 08:11:21'),
(107, 1, 1, 45, 41148, 152423, 47.00, 46.00, NULL, 0, '2019-10-08 20:22:22', '2019-10-09 08:11:21'),
(108, 1, 1, 45, 41428, 152450, 41.00, 44.00, NULL, 0, '2019-10-08 20:22:23', '2019-10-09 08:11:21'),
(109, 1, 1, 49, 41134, 152396, 32.00, 45.00, NULL, 0, '2019-10-08 20:23:00', '2019-10-09 07:40:28'),
(110, 1, 1, 49, 41144, 152419, 33.00, 31.00, NULL, 0, '2019-10-08 20:23:00', '2019-10-09 07:40:28'),
(111, 1, 1, 49, 41148, 152423, 34.00, 46.00, NULL, 0, '2019-10-08 20:23:00', '2019-10-09 07:40:28'),
(112, 1, 1, 49, 41428, 152450, 31.00, 44.00, NULL, 0, '2019-10-08 20:23:00', '2019-10-09 07:40:28'),
(113, 1, 1, 59, 41134, 152396, 50.00, 45.00, NULL, 0, '2019-10-08 20:23:23', '2019-10-09 11:05:17'),
(114, 1, 1, 59, 41144, 152419, 42.00, 31.00, NULL, 0, '2019-10-08 20:23:23', '2019-10-09 11:05:17'),
(115, 1, 1, 59, 41148, 152423, 47.00, 46.00, NULL, 0, '2019-10-08 20:23:23', '2019-10-09 11:05:17'),
(116, 1, 1, 59, 41428, 152450, 41.00, 44.00, NULL, 0, '2019-10-08 20:23:23', '2019-10-09 11:05:17'),
(117, 1, 1, 65, 41134, 152396, 50.00, 45.00, NULL, 0, '2019-10-08 20:24:22', '2019-10-09 08:10:47'),
(118, 1, 1, 65, 41144, 152419, 42.00, 31.00, NULL, 0, '2019-10-08 20:24:22', '2019-10-09 08:10:47'),
(119, 1, 1, 65, 41148, 152423, 47.00, 46.00, NULL, 0, '2019-10-08 20:24:22', '2019-10-09 08:10:47'),
(120, 1, 1, 65, 41428, 152450, 41.00, 44.00, NULL, 0, '2019-10-08 20:24:22', '2019-10-09 08:10:47'),
(121, 1, 1, 44, 41134, 152396, 31.00, 31.00, NULL, 0, '2019-10-08 21:52:47', '2019-10-09 07:42:42'),
(122, 1, 1, 44, 41144, 152419, 30.00, 30.00, NULL, 0, '2019-10-08 21:52:47', '2019-10-09 07:42:42'),
(123, 1, 1, 44, 41148, 152423, 35.00, 35.00, NULL, 0, '2019-10-08 21:52:48', '2019-10-09 07:42:42'),
(124, 1, 1, 44, 41428, 152450, 30.00, 30.00, NULL, 0, '2019-10-08 21:52:48', '2019-10-09 07:42:42'),
(125, 1, 1, 31, 41134, 152396, 50.00, 45.00, NULL, 0, '2019-10-08 21:53:22', '2019-10-09 07:28:34'),
(126, 1, 1, 31, 41144, 152419, 42.00, 31.00, NULL, 0, '2019-10-08 21:53:22', '2019-10-09 07:28:34'),
(127, 1, 1, 31, 41148, 152423, 47.00, 46.00, NULL, 0, '2019-10-08 21:53:22', '2019-10-09 07:28:34'),
(128, 1, 1, 31, 41428, 152450, 41.00, 44.00, NULL, 0, '2019-10-08 21:53:22', '2019-10-09 07:28:34'),
(129, 1, 1, 30, 41134, 152396, 50.00, 45.00, NULL, 0, '2019-10-08 21:53:41', '2019-10-09 08:14:03'),
(130, 1, 1, 30, 41144, 152419, 42.00, 31.00, NULL, 0, '2019-10-08 21:53:41', '2019-10-09 08:14:03'),
(131, 1, 1, 30, 41148, 152423, 47.00, 46.00, NULL, 0, '2019-10-08 21:53:41', '2019-10-09 08:14:03'),
(132, 1, 1, 30, 41428, 152450, 41.00, 44.00, NULL, 0, '2019-10-08 21:53:41', '2019-10-09 08:14:04'),
(133, 1, 1, 21, 41134, 152396, 50.00, 45.00, NULL, 0, '2019-10-08 21:53:58', '2019-10-09 09:44:55'),
(134, 1, 1, 21, 41144, 152419, 42.00, 37.00, NULL, 0, '2019-10-08 21:53:58', '2019-10-09 09:44:55'),
(135, 1, 1, 21, 41148, 152423, 47.00, 46.00, NULL, 0, '2019-10-08 21:53:58', '2019-10-09 09:44:55'),
(136, 1, 1, 21, 41428, 152450, 41.00, 44.00, NULL, 0, '2019-10-08 21:53:58', '2019-10-09 09:44:55'),
(137, 1, 1, 12, 41134, 152396, 50.00, 45.00, NULL, 0, '2019-10-08 21:54:15', '2019-10-09 10:18:42'),
(138, 1, 1, 12, 41144, 152419, 42.00, 37.00, NULL, 0, '2019-10-08 21:54:15', '2019-10-09 10:18:42'),
(139, 1, 1, 12, 41148, 152423, 47.00, 46.00, NULL, 0, '2019-10-08 21:54:15', '2019-10-09 10:18:42'),
(140, 1, 1, 12, 41428, 152450, 41.00, 44.00, NULL, 0, '2019-10-08 21:54:15', '2019-10-09 10:18:42'),
(141, 1, 1, 7, 41134, 152396, 50.00, 45.00, NULL, 0, '2019-10-08 21:54:30', '2019-10-09 07:41:51'),
(142, 1, 1, 7, 41144, 152419, 42.00, 31.00, NULL, 0, '2019-10-08 21:54:30', '2019-10-09 07:41:51'),
(143, 1, 1, 7, 41148, 152423, 47.00, 46.00, NULL, 0, '2019-10-08 21:54:30', '2019-10-09 07:41:51'),
(144, 1, 1, 7, 41428, 152450, 41.00, 44.00, NULL, 0, '2019-10-08 21:54:31', '2019-10-09 07:41:51'),
(145, 1, 1, 26, 41134, 152396, 32.00, 32.00, NULL, 0, '2019-10-08 21:55:04', '2019-10-09 09:07:27'),
(146, 1, 1, 26, 41144, 152419, 33.00, 33.00, NULL, 0, '2019-10-08 21:55:04', '2019-10-09 09:07:27'),
(147, 1, 1, 26, 41148, 152423, 34.00, 34.00, NULL, 0, '2019-10-08 21:55:04', '2019-10-09 09:07:27'),
(148, 1, 1, 26, 41428, 152450, 31.00, 31.00, NULL, 0, '2019-10-08 21:55:04', '2019-10-09 09:07:27'),
(149, 1, 1, 60, 41134, 152396, 32.00, 31.00, NULL, 0, '2019-10-08 21:55:21', '2019-10-09 10:34:17'),
(150, 1, 1, 60, 41144, 152419, 33.00, 30.00, NULL, 0, '2019-10-08 21:55:22', '2019-10-09 10:34:18'),
(151, 1, 1, 60, 41148, 152423, 34.00, 35.00, NULL, 0, '2019-10-08 21:55:22', '2019-10-09 10:34:18'),
(152, 1, 1, 60, 41428, 152450, 31.00, 30.00, NULL, 0, '2019-10-08 21:55:22', '2019-10-09 10:34:18'),
(153, 1, 1, 67, 41134, 152396, 50.00, 45.00, NULL, 0, '2019-10-09 07:23:48', '2019-10-09 09:46:06'),
(154, 1, 1, 67, 41144, 152419, 42.00, 37.00, NULL, 0, '2019-10-09 07:23:48', '2019-10-09 09:46:06'),
(155, 1, 1, 67, 41148, 152423, 47.00, 46.00, NULL, 0, '2019-10-09 07:23:48', '2019-10-09 09:46:06'),
(156, 1, 1, 67, 41428, 152450, 41.00, 44.00, NULL, 0, '2019-10-09 07:23:48', '2019-10-09 09:46:06'),
(157, 1, 1, 57, 41134, 152396, 50.00, 45.00, NULL, 0, '2019-10-09 07:24:10', '2019-10-09 10:19:36'),
(158, 1, 1, 57, 41144, 152419, 42.00, 37.00, NULL, 0, '2019-10-09 07:24:10', '2019-10-09 10:19:36'),
(159, 1, 1, 57, 41148, 152423, 47.00, 46.00, NULL, 0, '2019-10-09 07:24:10', '2019-10-09 10:19:36'),
(160, 1, 1, 57, 41428, 152450, 41.00, 44.00, NULL, 0, '2019-10-09 07:24:10', '2019-10-09 10:19:36'),
(161, 1, 1, 32, 41134, 152396, 32.00, 31.00, NULL, 0, '2019-10-09 07:27:24', '2019-10-09 10:55:55'),
(162, 1, 1, 32, 41144, 152419, 33.00, 30.00, NULL, 0, '2019-10-09 07:27:24', '2019-10-09 10:55:55'),
(163, 1, 1, 32, 41148, 152423, 34.00, 35.00, NULL, 0, '2019-10-09 07:27:24', '2019-10-09 10:55:55'),
(164, 1, 1, 32, 41428, 152450, 31.00, 30.00, NULL, 0, '2019-10-09 07:27:24', '2019-10-09 10:55:55'),
(165, 1, 1, 27, 41134, 152396, 50.00, 45.00, NULL, 0, '2019-10-09 07:27:55', '2019-10-09 10:19:20'),
(166, 1, 1, 27, 41144, 152419, 42.00, 37.00, NULL, 0, '2019-10-09 07:27:55', '2019-10-09 10:19:20'),
(167, 1, 1, 27, 41148, 152423, 47.00, 46.00, NULL, 0, '2019-10-09 07:27:55', '2019-10-09 10:19:20'),
(168, 1, 1, 27, 41428, 152450, 41.00, 44.00, NULL, 0, '2019-10-09 07:27:55', '2019-10-09 10:19:20'),
(169, 1, 1, 22, 41134, 152396, 50.00, 45.00, NULL, 0, '2019-10-09 07:28:16', '2019-10-09 07:41:12'),
(170, 1, 1, 22, 41144, 152419, 42.00, 31.00, NULL, 0, '2019-10-09 07:28:16', '2019-10-09 07:41:12'),
(171, 1, 1, 22, 41148, 152423, 47.00, 46.00, NULL, 0, '2019-10-09 07:28:16', '2019-10-09 07:41:12'),
(172, 1, 1, 22, 41428, 152450, 41.00, 44.00, NULL, 0, '2019-10-09 07:28:16', '2019-10-09 07:41:12'),
(173, 1, 1, 37, 41134, 152396, 50.00, 45.00, NULL, 0, '2019-10-09 07:28:54', '2019-10-09 09:08:22'),
(174, 1, 1, 37, 41144, 152419, 42.00, 31.00, NULL, 0, '2019-10-09 07:28:54', '2019-10-09 09:08:22'),
(175, 1, 1, 37, 41148, 152423, 47.00, 46.00, NULL, 0, '2019-10-09 07:28:54', '2019-10-09 09:08:22'),
(176, 1, 1, 37, 41428, 152450, 41.00, 44.00, NULL, 0, '2019-10-09 07:28:54', '2019-10-09 09:08:22'),
(177, 1, 1, 54, 41134, 152396, 32.00, 31.00, NULL, 0, '2019-10-09 07:29:40', '2019-10-09 07:40:10'),
(178, 1, 1, 54, 41144, 152419, 33.00, 30.00, NULL, 0, '2019-10-09 07:29:41', '2019-10-09 07:40:10'),
(179, 1, 1, 54, 41148, 152423, 34.00, 35.00, NULL, 0, '2019-10-09 07:29:41', '2019-10-09 07:40:10'),
(180, 1, 1, 54, 41428, 152450, 31.00, 30.00, NULL, 0, '2019-10-09 07:29:41', '2019-10-09 07:40:10'),
(181, 1, 1, 11, 41134, 152396, 50.00, 45.00, NULL, 0, '2019-10-09 07:41:35', '2019-10-09 10:17:47'),
(182, 1, 1, 11, 41144, 152419, 42.00, 31.00, NULL, 0, '2019-10-09 07:41:35', '2019-10-09 10:17:47'),
(183, 1, 1, 11, 41148, 152423, 47.00, 46.00, NULL, 0, '2019-10-09 07:41:35', '2019-10-09 10:17:47'),
(184, 1, 1, 11, 41428, 152450, 41.00, 44.00, NULL, 0, '2019-10-09 07:41:35', '2019-10-09 10:17:47'),
(185, 1, 1, 41, 41134, 152396, 32.00, 31.00, NULL, 0, '2019-10-09 07:42:25', '2019-10-09 08:12:04'),
(186, 1, 1, 41, 41144, 152419, 33.00, 30.00, NULL, 0, '2019-10-09 07:42:25', '2019-10-09 08:12:04'),
(187, 1, 1, 41, 41148, 152423, 34.00, 35.00, NULL, 0, '2019-10-09 07:42:25', '2019-10-09 08:12:04'),
(188, 1, 1, 41, 41428, 152450, 31.00, 30.00, NULL, 0, '2019-10-09 07:42:25', '2019-10-09 08:12:04'),
(189, 1, 1, 61, 41134, 152396, 32.00, 31.00, NULL, 0, '2019-10-09 07:42:59', '2019-10-09 09:06:30'),
(190, 1, 1, 61, 41144, 152419, 33.00, 30.00, NULL, 0, '2019-10-09 07:42:59', '2019-10-09 09:06:30'),
(191, 1, 1, 61, 41148, 152423, 34.00, 35.00, NULL, 0, '2019-10-09 07:42:59', '2019-10-09 09:06:30'),
(192, 1, 1, 61, 41428, 152450, 31.00, 30.00, NULL, 0, '2019-10-09 07:42:59', '2019-10-09 09:06:30'),
(193, 1, 1, 50, 41134, 152396, 32.00, 31.00, NULL, 0, '2019-10-09 08:11:05', '2019-10-09 09:16:24'),
(194, 1, 1, 50, 41144, 152419, 33.00, 30.00, NULL, 0, '2019-10-09 08:11:05', '2019-10-09 09:16:25'),
(195, 1, 1, 50, 41148, 152423, 34.00, 35.00, NULL, 0, '2019-10-09 08:11:05', '2019-10-09 09:16:25'),
(196, 1, 1, 50, 41428, 152450, 31.00, 30.00, NULL, 0, '2019-10-09 08:11:05', '2019-10-09 09:16:25'),
(197, 1, 1, 35, 41134, 152396, 32.00, 31.00, NULL, 0, '2019-10-09 08:15:03', '2019-10-09 09:07:06'),
(198, 1, 1, 35, 41144, 152419, 33.00, 30.00, NULL, 0, '2019-10-09 08:15:03', '2019-10-09 09:07:06'),
(199, 1, 1, 35, 41148, 152423, 34.00, 35.00, NULL, 0, '2019-10-09 08:15:04', '2019-10-09 09:07:06'),
(200, 1, 1, 35, 41428, 152450, 31.00, 30.00, NULL, 0, '2019-10-09 08:15:04', '2019-10-09 09:07:06'),
(201, 1, 1, 52, 41134, 152396, 32.00, 31.00, NULL, 0, '2019-10-09 08:16:50', '2019-10-09 09:41:50'),
(202, 1, 1, 52, 41144, 152419, 33.00, 30.00, NULL, 0, '2019-10-09 08:16:50', '2019-10-09 09:41:50'),
(203, 1, 1, 52, 41148, 152423, 34.00, 35.00, NULL, 0, '2019-10-09 08:16:50', '2019-10-09 09:41:50'),
(204, 1, 1, 52, 41428, 152450, 31.00, 30.00, NULL, 0, '2019-10-09 08:16:50', '2019-10-09 09:41:50'),
(205, 1, 1, 42, 41134, 152396, 32.00, 31.00, NULL, 0, '2019-10-09 09:06:48', '2019-10-09 10:24:39'),
(206, 1, 1, 42, 41144, 152419, 33.00, 30.00, NULL, 0, '2019-10-09 09:06:48', '2019-10-09 10:24:39'),
(207, 1, 1, 42, 41148, 152423, 34.00, 35.00, NULL, 0, '2019-10-09 09:06:48', '2019-10-09 10:24:39'),
(208, 1, 1, 42, 41428, 152450, 31.00, 30.00, NULL, 0, '2019-10-09 09:06:48', '2019-10-09 10:24:39'),
(209, 1, 1, 58, 41134, 152396, 50.00, 45.00, NULL, 0, '2019-10-09 09:07:48', '2019-10-09 10:19:55'),
(210, 1, 1, 58, 41144, 152419, 42.00, 37.00, NULL, 0, '2019-10-09 09:07:48', '2019-10-09 10:19:55'),
(211, 1, 1, 58, 41148, 152423, 47.00, 46.00, NULL, 0, '2019-10-09 09:07:48', '2019-10-09 10:19:55'),
(212, 1, 1, 58, 41428, 152450, 41.00, 44.00, NULL, 0, '2019-10-09 09:07:48', '2019-10-09 10:19:55'),
(213, 1, 1, 56, 41134, 152396, 50.00, 45.00, NULL, 0, '2019-10-09 09:08:06', '2019-10-09 10:35:35'),
(214, 1, 1, 56, 41144, 152419, 42.00, 37.00, NULL, 0, '2019-10-09 09:08:06', '2019-10-09 10:35:35'),
(215, 1, 1, 56, 41148, 152423, 47.00, 46.00, NULL, 0, '2019-10-09 09:08:06', '2019-10-09 10:35:35'),
(216, 1, 1, 56, 41428, 152450, 41.00, 44.00, NULL, 0, '2019-10-09 09:08:06', '2019-10-09 10:35:35'),
(217, 1, 1, 14, 41134, 152396, 50.00, 45.00, NULL, 0, '2019-10-09 09:12:55', '2019-10-09 10:43:15'),
(218, 1, 1, 14, 41144, 152419, 42.00, 31.00, NULL, 0, '2019-10-09 09:12:55', '2019-10-09 10:43:16'),
(219, 1, 1, 14, 41148, 152423, 47.00, 46.00, NULL, 0, '2019-10-09 09:12:55', '2019-10-09 10:43:16'),
(220, 1, 1, 14, 41428, 152450, 41.00, 44.00, NULL, 0, '2019-10-09 09:12:55', '2019-10-09 10:43:16'),
(221, 1, 1, 19, 41134, 152396, 50.00, 45.00, NULL, 0, '2019-10-09 09:13:11', '2019-10-09 09:43:59'),
(222, 1, 1, 19, 41144, 152419, 42.00, 31.00, NULL, 0, '2019-10-09 09:13:11', '2019-10-09 09:43:59'),
(223, 1, 1, 19, 41148, 152423, 47.00, 46.00, NULL, 0, '2019-10-09 09:13:11', '2019-10-09 09:43:59'),
(224, 1, 1, 19, 41428, 152450, 41.00, 44.00, NULL, 0, '2019-10-09 09:13:12', '2019-10-09 09:43:59'),
(225, 1, 1, 24, 41134, 152396, 32.00, 31.00, NULL, 0, '2019-10-09 09:13:42', '2019-10-09 09:43:42'),
(226, 1, 1, 24, 41144, 152419, 33.00, 30.00, NULL, 0, '2019-10-09 09:13:43', '2019-10-09 09:43:42'),
(227, 1, 1, 24, 41148, 152423, 34.00, 35.00, NULL, 0, '2019-10-09 09:13:43', '2019-10-09 09:43:42'),
(228, 1, 1, 24, 41428, 152450, 31.00, 30.00, NULL, 0, '2019-10-09 09:13:43', '2019-10-09 09:43:42'),
(229, 1, 1, 28, 41134, 152396, 50.00, 45.00, NULL, 0, '2019-10-09 09:14:01', '2019-10-09 09:43:20'),
(230, 1, 1, 28, 41144, 152419, 42.00, 31.00, NULL, 0, '2019-10-09 09:14:01', '2019-10-09 09:43:20'),
(231, 1, 1, 28, 41148, 152423, 47.00, 46.00, NULL, 0, '2019-10-09 09:14:01', '2019-10-09 09:43:20'),
(232, 1, 1, 28, 41428, 152450, 41.00, 44.00, NULL, 0, '2019-10-09 09:14:02', '2019-10-09 09:43:20'),
(233, 1, 1, 33, 41134, 152396, 32.00, 31.00, NULL, 0, '2019-10-09 09:14:22', '2019-10-09 09:43:02'),
(234, 1, 1, 33, 41144, 152419, 33.00, 30.00, NULL, 0, '2019-10-09 09:14:22', '2019-10-09 09:43:02'),
(235, 1, 1, 33, 41148, 152423, 34.00, 35.00, NULL, 0, '2019-10-09 09:14:22', '2019-10-09 09:43:02'),
(236, 1, 1, 33, 41428, 152450, 31.00, 30.00, NULL, 0, '2019-10-09 09:14:22', '2019-10-09 09:43:02'),
(237, 1, 1, 39, 41134, 152396, 50.00, 45.00, NULL, 0, '2019-10-09 09:14:48', '2019-10-09 09:42:47'),
(238, 1, 1, 39, 41144, 152419, 42.00, 31.00, NULL, 0, '2019-10-09 09:14:48', '2019-10-09 09:42:47'),
(239, 1, 1, 39, 41148, 152423, 47.00, 46.00, NULL, 0, '2019-10-09 09:14:48', '2019-10-09 09:42:47'),
(240, 1, 1, 39, 41428, 152450, 41.00, 44.00, NULL, 0, '2019-10-09 09:14:48', '2019-10-09 09:42:47'),
(241, 1, 1, 43, 41134, 152396, 32.00, 31.00, NULL, 0, '2019-10-09 09:15:46', '2019-10-09 09:42:29'),
(242, 1, 1, 43, 41144, 152419, 33.00, 30.00, NULL, 0, '2019-10-09 09:15:46', '2019-10-09 09:42:29'),
(243, 1, 1, 43, 41148, 152423, 34.00, 35.00, NULL, 0, '2019-10-09 09:15:46', '2019-10-09 09:42:29'),
(244, 1, 1, 43, 41428, 152450, 31.00, 30.00, NULL, 0, '2019-10-09 09:15:46', '2019-10-09 09:42:29'),
(245, 1, 1, 46, 41134, 152396, 50.00, 45.00, NULL, 0, '2019-10-09 09:16:04', '2019-10-09 10:55:33'),
(246, 1, 1, 46, 41144, 152419, 42.00, 37.00, NULL, 0, '2019-10-09 09:16:04', '2019-10-09 10:55:33'),
(247, 1, 1, 46, 41148, 152423, 47.00, 46.00, NULL, 0, '2019-10-09 09:16:04', '2019-10-09 10:55:33'),
(248, 1, 1, 46, 41428, 152450, 41.00, 44.00, NULL, 0, '2019-10-09 09:16:04', '2019-10-09 10:55:33'),
(249, 1, 1, 47, 41134, 152396, 50.00, 45.00, NULL, 0, '2019-10-09 09:42:11', '2019-10-09 10:56:12'),
(250, 1, 1, 47, 41144, 152419, 42.00, 37.00, NULL, 0, '2019-10-09 09:42:11', '2019-10-09 10:56:12'),
(251, 1, 1, 47, 41148, 152423, 47.00, 46.00, NULL, 0, '2019-10-09 09:42:11', '2019-10-09 10:56:12'),
(252, 1, 1, 47, 41428, 152450, 41.00, 44.00, NULL, 0, '2019-10-09 09:42:11', '2019-10-09 10:56:12'),
(253, 1, 1, 48, 41134, 152396, 50.00, 45.00, NULL, 0, '2019-10-09 09:45:12', '2019-10-09 11:05:50'),
(254, 1, 1, 48, 41144, 152419, 42.00, 37.00, NULL, 0, '2019-10-09 09:45:12', '2019-10-09 11:05:50'),
(255, 1, 1, 48, 41148, 152423, 47.00, 46.00, NULL, 0, '2019-10-09 09:45:12', '2019-10-09 11:05:50'),
(256, 1, 1, 48, 41428, 152450, 41.00, 44.00, NULL, 0, '2019-10-09 09:45:12', '2019-10-09 11:05:50'),
(257, 1, 1, 53, 41134, 152396, 32.00, 31.00, NULL, 0, '2019-10-09 09:45:29', '2019-10-09 11:05:32'),
(258, 1, 1, 53, 41144, 152419, 33.00, 30.00, NULL, 0, '2019-10-09 09:45:29', '2019-10-09 11:05:32'),
(259, 1, 1, 53, 41148, 152423, 34.00, 35.00, NULL, 0, '2019-10-09 09:45:29', '2019-10-09 11:05:33'),
(260, 1, 1, 53, 41428, 152450, 31.00, 30.00, NULL, 0, '2019-10-09 09:45:29', '2019-10-09 11:05:33'),
(261, 1, 1, 55, 41134, 152396, 50.00, 45.00, NULL, 0, '2019-10-09 09:45:50', '2019-10-09 10:34:39'),
(262, 1, 1, 55, 41144, 152419, 42.00, 37.00, NULL, 0, '2019-10-09 09:45:50', '2019-10-09 10:34:39'),
(263, 1, 1, 55, 41148, 152423, 47.00, 46.00, NULL, 0, '2019-10-09 09:45:50', '2019-10-09 10:34:39'),
(264, 1, 1, 55, 41428, 152450, 41.00, 44.00, NULL, 0, '2019-10-09 09:45:50', '2019-10-09 10:34:39'),
(265, 1, 1, 51, 41134, 152396, 32.00, 31.00, NULL, 0, '2019-10-09 10:18:09', '2019-10-09 10:55:18'),
(266, 1, 1, 51, 41144, 152419, 33.00, 30.00, NULL, 0, '2019-10-09 10:18:09', '2019-10-09 10:55:19'),
(267, 1, 1, 51, 41148, 152423, 34.00, 35.00, NULL, 0, '2019-10-09 10:18:09', '2019-10-09 10:55:19'),
(268, 1, 1, 51, 41428, 152450, 31.00, 30.00, NULL, 0, '2019-10-09 10:18:09', '2019-10-09 10:55:19'),
(269, 1, 1, 13, 41134, 152396, 50.00, 45.00, NULL, 0, '2019-10-09 10:19:02', '2019-10-09 10:24:01'),
(270, 1, 1, 13, 41144, 152419, 42.00, 37.00, NULL, 0, '2019-10-09 10:19:03', '2019-10-09 10:24:02'),
(271, 1, 1, 13, 41148, 152423, 47.00, 46.00, NULL, 0, '2019-10-09 10:19:03', '2019-10-09 10:24:02'),
(272, 1, 1, 13, 41428, 152450, 41.00, 44.00, NULL, 0, '2019-10-09 10:19:03', '2019-10-09 10:24:02');

-- --------------------------------------------------------

--
-- Table structure for table `halls`
--

CREATE TABLE `halls` (
  `id` bigint(20) UNSIGNED NOT NULL,
  `name` varchar(191) COLLATE utf8mb4_unicode_ci NOT NULL,
  `slug` varchar(191) COLLATE utf8mb4_unicode_ci NOT NULL,
  `created_at` timestamp NULL DEFAULT NULL,
  `updated_at` timestamp NULL DEFAULT NULL
) ENGINE=InnoDB DEFAULT CHARSET=utf8mb4 COLLATE=utf8mb4_unicode_ci;

--
-- Dumping data for table `halls`
--

INSERT INTO `halls` (`id`, `name`, `slug`, `created_at`, `updated_at`) VALUES
(1, 'Biswakabi Rabindranath Tagore Hall', 'biswakabi-rabindranath-tagore-hall', '2019-07-26 14:45:39', '2019-07-26 14:45:39'),
(2, 'Fazilatunnesa Hall', 'fazilatunnesa-hall', '2019-07-26 14:46:08', '2019-07-26 14:47:50');

-- --------------------------------------------------------

--
-- Table structure for table `incourse_marks`
--

CREATE TABLE `incourse_marks` (
  `id` bigint(20) UNSIGNED NOT NULL,
  `session_id` bigint(20) UNSIGNED NOT NULL,
  `dept_id` bigint(20) UNSIGNED NOT NULL,
  `course_id` bigint(20) UNSIGNED NOT NULL,
  `reg_no` int(11) NOT NULL,
  `exam_roll` int(11) NOT NULL,
  `marks` double(8,2) DEFAULT NULL,
  `created_at` timestamp NULL DEFAULT NULL,
  `updated_at` timestamp NULL DEFAULT NULL
) ENGINE=InnoDB DEFAULT CHARSET=utf8mb4 COLLATE=utf8mb4_unicode_ci;

--
-- Dumping data for table `incourse_marks`
--

INSERT INTO `incourse_marks` (`id`, `session_id`, `dept_id`, `course_id`, `reg_no`, `exam_roll`, `marks`, `created_at`, `updated_at`) VALUES
(1, 1, 1, 4, 41134, 152396, 30.96, '2019-10-08 15:51:44', '2019-10-08 15:51:44'),
(2, 1, 1, 4, 41144, 152419, 29.46, '2019-10-08 15:51:44', '2019-10-08 15:51:44'),
(3, 1, 1, 4, 41148, 152423, 32.25, '2019-10-08 15:51:44', '2019-10-08 15:51:44'),
(4, 1, 1, 4, 41428, 152450, 26.34, '2019-10-08 15:51:44', '2019-10-08 15:51:44'),
(5, 1, 1, 3, 41134, 152396, 29.50, '2019-10-08 15:59:03', '2019-10-08 15:59:03'),
(6, 1, 1, 3, 41144, 152419, 37.50, '2019-10-08 15:59:03', '2019-10-08 15:59:03'),
(7, 1, 1, 3, 41148, 152423, 49.25, '2019-10-08 15:59:03', '2019-10-08 15:59:03'),
(8, 1, 1, 3, 41428, 152450, 34.70, '2019-10-08 15:59:03', '2019-10-08 15:59:03'),
(9, 1, 1, 2, 41134, 152396, 30.50, '2019-10-08 16:05:41', '2019-10-08 16:05:41'),
(10, 1, 1, 2, 41144, 152419, 26.00, '2019-10-08 16:05:41', '2019-10-08 16:05:41'),
(11, 1, 1, 2, 41148, 152423, 34.00, '2019-10-08 16:05:42', '2019-10-08 16:05:42'),
(12, 1, 1, 2, 41428, 152450, 27.50, '2019-10-08 16:05:42', '2019-10-08 16:05:42'),
(13, 1, 1, 6, 41134, 152396, 33.50, '2019-10-08 18:49:24', '2019-10-08 18:49:24'),
(14, 1, 1, 6, 41144, 152419, 33.00, '2019-10-08 18:49:24', '2019-10-08 18:49:24'),
(15, 1, 1, 6, 41148, 152423, 34.50, '2019-10-08 18:49:25', '2019-10-08 18:49:25'),
(16, 1, 1, 6, 41428, 152450, 31.50, '2019-10-08 18:49:25', '2019-10-08 18:49:25'),
(17, 1, 1, 8, 41134, 152396, 44.00, '2019-10-08 18:50:11', '2019-10-08 18:50:11'),
(18, 1, 1, 8, 41144, 152419, 43.00, '2019-10-08 18:50:11', '2019-10-08 18:50:11'),
(19, 1, 1, 8, 41148, 152423, 48.50, '2019-10-08 18:50:11', '2019-10-08 18:50:11'),
(20, 1, 1, 8, 41428, 152450, 44.00, '2019-10-08 18:50:11', '2019-10-08 18:50:11'),
(21, 1, 1, 10, 41134, 152396, 45.50, '2019-10-08 18:57:47', '2019-10-08 18:57:47'),
(22, 1, 1, 10, 41144, 152419, 44.50, '2019-10-08 18:57:47', '2019-10-08 18:57:47'),
(23, 1, 1, 10, 41148, 152423, 52.50, '2019-10-08 18:57:47', '2019-10-08 18:57:47'),
(24, 1, 1, 10, 41428, 152450, 46.50, '2019-10-08 18:57:47', '2019-10-08 18:57:47'),
(25, 1, 1, 17, 41134, 152396, 50.50, '2019-10-08 19:04:57', '2019-10-08 19:04:57'),
(26, 1, 1, 17, 41144, 152419, 46.50, '2019-10-08 19:04:57', '2019-10-08 19:04:57'),
(27, 1, 1, 17, 41148, 152423, 54.50, '2019-10-08 19:04:57', '2019-10-08 19:04:57'),
(28, 1, 1, 17, 41428, 152450, 50.50, '2019-10-08 19:04:57', '2019-10-08 19:04:57'),
(29, 1, 1, 64, 41134, 152396, 36.00, '2019-10-08 19:07:47', '2019-10-08 19:07:47'),
(30, 1, 1, 64, 41144, 152419, 36.50, '2019-10-08 19:07:47', '2019-10-08 19:07:47'),
(31, 1, 1, 64, 41148, 152423, 36.50, '2019-10-08 19:07:47', '2019-10-08 19:07:47'),
(32, 1, 1, 64, 41428, 152450, 33.00, '2019-10-08 19:07:48', '2019-10-08 19:07:48'),
(33, 1, 1, 15, 41134, 152396, 49.00, '2019-10-08 19:18:43', '2019-10-08 19:18:43'),
(34, 1, 1, 15, 41144, 152419, 47.00, '2019-10-08 19:18:43', '2019-10-08 19:18:43'),
(35, 1, 1, 15, 41148, 152423, 54.00, '2019-10-08 19:18:43', '2019-10-08 19:18:43'),
(36, 1, 1, 15, 41428, 152450, 43.50, '2019-10-08 19:18:43', '2019-10-08 19:18:43'),
(37, 1, 1, 62, 41134, 152396, 48.50, '2019-10-08 20:05:56', '2019-10-08 20:05:56'),
(38, 1, 1, 62, 41144, 152419, 48.00, '2019-10-08 20:05:56', '2019-10-08 20:05:56'),
(39, 1, 1, 62, 41148, 152423, 55.00, '2019-10-08 20:05:56', '2019-10-08 20:05:56'),
(40, 1, 1, 62, 41428, 152450, 48.00, '2019-10-08 20:05:56', '2019-10-08 20:05:56'),
(41, 1, 1, 68, 41134, 152396, 52.50, '2019-10-08 20:09:36', '2019-10-08 20:09:36'),
(42, 1, 1, 68, 41144, 152419, 51.00, '2019-10-08 20:09:36', '2019-10-08 20:09:36'),
(43, 1, 1, 68, 41148, 152423, 58.00, '2019-10-08 20:09:36', '2019-10-08 20:09:36'),
(44, 1, 1, 68, 41428, 152450, 52.50, '2019-10-08 20:09:36', '2019-10-08 20:09:36'),
(45, 1, 1, 69, 41134, 152396, 51.00, '2019-10-08 20:14:46', '2019-10-08 20:14:46'),
(46, 1, 1, 69, 41144, 152419, 52.50, '2019-10-08 20:14:46', '2019-10-08 20:14:46'),
(47, 1, 1, 69, 41148, 152423, 56.50, '2019-10-08 20:14:46', '2019-10-08 20:14:46'),
(48, 1, 1, 69, 41428, 152450, 41.50, '2019-10-08 20:14:46', '2019-10-08 20:14:46'),
(49, 1, 1, 66, 41134, 152396, 34.00, '2019-10-08 21:00:52', '2019-10-08 21:00:52'),
(50, 1, 1, 66, 41144, 152419, 33.00, '2019-10-08 21:00:52', '2019-10-08 21:00:52'),
(51, 1, 1, 66, 41148, 152423, 36.00, '2019-10-08 21:00:52', '2019-10-08 21:00:52'),
(52, 1, 1, 66, 41428, 152450, 32.00, '2019-10-08 21:00:52', '2019-10-08 21:00:52'),
(53, 1, 1, 44, 41134, 152396, 47.00, '2019-10-08 21:40:15', '2019-10-08 21:40:15'),
(54, 1, 1, 44, 41144, 152419, 46.00, '2019-10-08 21:40:15', '2019-10-08 21:40:15'),
(55, 1, 1, 44, 41148, 152423, 52.75, '2019-10-08 21:40:15', '2019-10-08 21:40:15'),
(56, 1, 1, 44, 41428, 152450, 46.00, '2019-10-08 21:40:15', '2019-10-08 21:40:15'),
(57, 1, 1, 34, 41134, 152396, 46.00, '2019-10-08 21:43:24', '2019-10-08 21:43:24'),
(58, 1, 1, 34, 41144, 152419, 46.50, '2019-10-08 21:43:24', '2019-10-08 21:43:24'),
(59, 1, 1, 34, 41148, 152423, 52.00, '2019-10-08 21:43:24', '2019-10-08 21:43:24'),
(60, 1, 1, 34, 41428, 152450, 45.00, '2019-10-08 21:43:25', '2019-10-08 21:43:25'),
(61, 1, 1, 31, 41134, 152396, 32.50, '2019-10-08 21:45:10', '2019-10-08 21:45:10'),
(62, 1, 1, 31, 41144, 152419, 31.00, '2019-10-08 21:45:10', '2019-10-08 21:45:10'),
(63, 1, 1, 31, 41148, 152423, 36.00, '2019-10-08 21:45:10', '2019-10-08 21:45:10'),
(64, 1, 1, 31, 41428, 152450, 33.00, '2019-10-08 21:45:11', '2019-10-08 21:45:11'),
(65, 1, 1, 30, 41134, 152396, 30.50, '2019-10-08 21:47:43', '2019-10-08 21:47:43'),
(66, 1, 1, 30, 41144, 152419, 32.00, '2019-10-08 21:47:43', '2019-10-08 21:47:43'),
(67, 1, 1, 30, 41148, 152423, 34.00, '2019-10-08 21:47:43', '2019-10-08 21:47:43'),
(68, 1, 1, 30, 41428, 152450, 29.50, '2019-10-08 21:47:43', '2019-10-08 21:47:43'),
(69, 1, 1, 21, 41134, 152396, 32.50, '2019-10-08 21:49:10', '2019-10-08 21:49:10'),
(70, 1, 1, 21, 41144, 152419, 33.50, '2019-10-08 21:49:10', '2019-10-08 21:49:10'),
(71, 1, 1, 21, 41148, 152423, 37.00, '2019-10-08 21:49:10', '2019-10-08 21:49:10'),
(72, 1, 1, 21, 41428, 152450, 32.50, '2019-10-08 21:49:10', '2019-10-08 21:49:10'),
(73, 1, 1, 12, 41134, 152396, 33.00, '2019-10-08 21:50:31', '2019-10-08 21:50:31'),
(74, 1, 1, 12, 41144, 152419, 33.50, '2019-10-08 21:50:31', '2019-10-08 21:50:31'),
(75, 1, 1, 12, 41148, 152423, 34.50, '2019-10-08 21:50:31', '2019-10-08 21:50:31'),
(76, 1, 1, 12, 41428, 152450, 33.50, '2019-10-08 21:50:31', '2019-10-08 21:50:31'),
(77, 1, 1, 7, 41134, 152396, 35.50, '2019-10-08 21:52:02', '2019-10-08 21:52:02'),
(78, 1, 1, 7, 41144, 152419, 34.00, '2019-10-08 21:52:02', '2019-10-08 21:52:02'),
(79, 1, 1, 7, 41148, 152423, 37.50, '2019-10-08 21:52:02', '2019-10-08 21:52:02'),
(80, 1, 1, 7, 41428, 152450, 34.50, '2019-10-08 21:52:02', '2019-10-08 21:52:02'),
(81, 1, 1, 67, 41134, 152396, 33.00, '2019-10-09 07:07:40', '2019-10-09 07:07:40'),
(82, 1, 1, 67, 41144, 152419, 31.50, '2019-10-09 07:07:41', '2019-10-09 07:07:41'),
(83, 1, 1, 67, 41148, 152423, 37.00, '2019-10-09 07:07:41', '2019-10-09 07:07:41'),
(84, 1, 1, 67, 41428, 152450, 34.50, '2019-10-09 07:07:41', '2019-10-09 07:07:41'),
(85, 1, 1, 57, 41134, 152396, 31.00, '2019-10-09 07:10:37', '2019-10-09 07:10:37'),
(86, 1, 1, 57, 41144, 152419, 34.00, '2019-10-09 07:10:37', '2019-10-09 07:10:37'),
(87, 1, 1, 57, 41148, 152423, 35.00, '2019-10-09 07:10:37', '2019-10-09 07:10:37'),
(88, 1, 1, 57, 41428, 152450, 34.00, '2019-10-09 07:10:37', '2019-10-09 07:10:37'),
(89, 1, 1, 38, 41134, 152396, 33.00, '2019-10-09 07:13:04', '2019-10-09 07:13:04'),
(90, 1, 1, 38, 41144, 152419, 31.50, '2019-10-09 07:13:04', '2019-10-09 07:13:04'),
(91, 1, 1, 38, 41148, 152423, 34.00, '2019-10-09 07:13:05', '2019-10-09 07:13:05'),
(92, 1, 1, 38, 41428, 152450, 33.50, '2019-10-09 07:13:05', '2019-10-09 07:13:05'),
(93, 1, 1, 32, 41134, 152396, 47.50, '2019-10-09 07:16:00', '2019-10-09 07:16:00'),
(94, 1, 1, 32, 41144, 152419, 48.00, '2019-10-09 07:16:00', '2019-10-09 07:16:00'),
(95, 1, 1, 32, 41148, 152423, 52.50, '2019-10-09 07:16:00', '2019-10-09 07:16:00'),
(96, 1, 1, 32, 41428, 152450, 48.50, '2019-10-09 07:16:00', '2019-10-09 07:16:00'),
(97, 1, 1, 27, 41134, 152396, 32.00, '2019-10-09 07:19:01', '2019-10-09 07:19:01'),
(98, 1, 1, 27, 41144, 152419, 32.00, '2019-10-09 07:19:01', '2019-10-09 07:19:01'),
(99, 1, 1, 27, 41148, 152423, 34.00, '2019-10-09 07:19:01', '2019-10-09 07:19:01'),
(100, 1, 1, 27, 41428, 152450, 32.50, '2019-10-09 07:19:01', '2019-10-09 07:19:01'),
(101, 1, 1, 54, 41134, 152396, 43.50, '2019-10-09 07:34:47', '2019-10-09 07:34:47'),
(102, 1, 1, 54, 41144, 152419, 45.50, '2019-10-09 07:34:48', '2019-10-09 07:34:48'),
(103, 1, 1, 54, 41148, 152423, 52.50, '2019-10-09 07:34:48', '2019-10-09 07:34:48'),
(104, 1, 1, 54, 41428, 152450, 49.00, '2019-10-09 07:34:48', '2019-10-09 07:34:48'),
(105, 1, 1, 49, 41134, 152396, 30.50, '2019-10-09 07:36:03', '2019-10-09 07:36:03'),
(106, 1, 1, 49, 41144, 152419, 33.00, '2019-10-09 07:36:03', '2019-10-09 07:36:03'),
(107, 1, 1, 49, 41148, 152423, 35.00, '2019-10-09 07:36:03', '2019-10-09 07:36:03'),
(108, 1, 1, 49, 41428, 152450, 28.50, '2019-10-09 07:36:03', '2019-10-09 07:36:03'),
(109, 1, 1, 22, 41134, 152396, 31.00, '2019-10-09 07:37:26', '2019-10-09 07:37:26'),
(110, 1, 1, 22, 41144, 152419, 30.50, '2019-10-09 07:37:26', '2019-10-09 07:37:26'),
(111, 1, 1, 22, 41148, 152423, 33.25, '2019-10-09 07:37:27', '2019-10-09 07:37:27'),
(112, 1, 1, 22, 41428, 152450, 31.75, '2019-10-09 07:37:27', '2019-10-09 07:37:27'),
(113, 1, 1, 1, 41134, 152396, 32.75, '2019-10-09 07:39:48', '2019-10-09 07:39:48'),
(114, 1, 1, 1, 41144, 152419, 33.00, '2019-10-09 07:39:48', '2019-10-09 07:39:48'),
(115, 1, 1, 1, 41148, 152423, 36.25, '2019-10-09 07:39:48', '2019-10-09 07:39:48'),
(116, 1, 1, 1, 41428, 152450, 31.00, '2019-10-09 07:39:48', '2019-10-09 07:39:48'),
(117, 1, 1, 65, 41134, 152396, 31.50, '2019-10-09 07:55:54', '2019-10-09 07:55:54'),
(118, 1, 1, 65, 41144, 152419, 31.75, '2019-10-09 07:55:54', '2019-10-09 07:55:54'),
(119, 1, 1, 65, 41148, 152423, 35.75, '2019-10-09 07:55:54', '2019-10-09 07:55:54'),
(120, 1, 1, 65, 41428, 152450, 29.50, '2019-10-09 07:55:54', '2019-10-09 07:55:54'),
(121, 1, 1, 50, 41134, 152396, 46.75, '2019-10-09 08:01:13', '2019-10-09 08:01:13'),
(122, 1, 1, 50, 41144, 152419, 47.75, '2019-10-09 08:01:13', '2019-10-09 08:01:13'),
(123, 1, 1, 50, 41148, 152423, 52.75, '2019-10-09 08:01:13', '2019-10-09 08:01:13'),
(124, 1, 1, 50, 41428, 152450, 47.50, '2019-10-09 08:01:13', '2019-10-09 08:01:13'),
(125, 1, 1, 45, 41134, 152396, 32.75, '2019-10-09 08:05:57', '2019-10-09 08:05:57'),
(126, 1, 1, 45, 41144, 152419, 33.00, '2019-10-09 08:05:58', '2019-10-09 08:05:58'),
(127, 1, 1, 45, 41148, 152423, 33.00, '2019-10-09 08:05:58', '2019-10-09 08:05:58'),
(128, 1, 1, 45, 41428, 152450, 30.75, '2019-10-09 08:05:58', '2019-10-09 08:05:58'),
(129, 1, 1, 41, 41134, 152396, 48.00, '2019-10-09 08:08:49', '2019-10-09 08:08:49'),
(130, 1, 1, 41, 41144, 152419, 48.00, '2019-10-09 08:08:49', '2019-10-09 08:08:49'),
(131, 1, 1, 41, 41148, 152423, 53.00, '2019-10-09 08:08:49', '2019-10-09 08:08:49'),
(132, 1, 1, 41, 41428, 152450, 46.25, '2019-10-09 08:08:50', '2019-10-09 08:08:50'),
(133, 1, 1, 36, 41134, 152396, 34.25, '2019-10-09 08:10:25', '2019-10-09 08:10:25'),
(134, 1, 1, 36, 41144, 152419, 33.00, '2019-10-09 08:10:25', '2019-10-09 08:10:25'),
(135, 1, 1, 36, 41148, 152423, 37.00, '2019-10-09 08:10:25', '2019-10-09 08:10:25'),
(136, 1, 1, 36, 41428, 152450, 33.12, '2019-10-09 08:10:25', '2019-10-09 08:10:25'),
(137, 1, 1, 61, 41134, 152396, 46.50, '2019-10-09 08:47:33', '2019-10-09 08:47:33'),
(138, 1, 1, 61, 41144, 152419, 47.50, '2019-10-09 08:47:34', '2019-10-09 08:47:34'),
(139, 1, 1, 61, 41148, 152423, 48.75, '2019-10-09 08:47:34', '2019-10-09 08:47:34'),
(140, 1, 1, 61, 41428, 152450, 42.50, '2019-10-09 08:47:34', '2019-10-09 08:47:34'),
(141, 1, 1, 58, 41134, 152396, 33.00, '2019-10-09 08:50:41', '2019-10-09 08:50:41'),
(142, 1, 1, 58, 41144, 152419, 32.00, '2019-10-09 08:50:41', '2019-10-09 08:50:41'),
(143, 1, 1, 58, 41148, 152423, 33.75, '2019-10-09 08:50:41', '2019-10-09 08:50:41'),
(144, 1, 1, 58, 41428, 152450, 32.50, '2019-10-09 08:50:41', '2019-10-09 08:50:41'),
(145, 1, 1, 56, 41134, 152396, 33.00, '2019-10-09 08:52:03', '2019-10-09 08:52:03'),
(146, 1, 1, 56, 41144, 152419, 32.50, '2019-10-09 08:52:03', '2019-10-09 08:52:03'),
(147, 1, 1, 56, 41148, 152423, 34.25, '2019-10-09 08:52:03', '2019-10-09 08:52:03'),
(148, 1, 1, 56, 41428, 152450, 33.00, '2019-10-09 08:52:04', '2019-10-09 08:52:04'),
(149, 1, 1, 42, 41134, 152396, 47.25, '2019-10-09 08:54:28', '2019-10-09 08:54:28'),
(150, 1, 1, 42, 41144, 152419, 47.75, '2019-10-09 08:54:28', '2019-10-09 08:54:28'),
(151, 1, 1, 42, 41148, 152423, 51.50, '2019-10-09 08:54:28', '2019-10-09 08:54:28'),
(152, 1, 1, 42, 41428, 152450, 48.00, '2019-10-09 08:54:28', '2019-10-09 08:54:28'),
(153, 1, 1, 37, 41134, 152396, 32.50, '2019-10-09 08:57:03', '2019-10-09 08:57:03'),
(154, 1, 1, 37, 41144, 152419, 32.50, '2019-10-09 08:57:03', '2019-10-09 08:57:03'),
(155, 1, 1, 37, 41148, 152423, 34.00, '2019-10-09 08:57:03', '2019-10-09 08:57:03'),
(156, 1, 1, 37, 41428, 152450, 31.00, '2019-10-09 08:57:03', '2019-10-09 08:57:03'),
(157, 1, 1, 35, 41134, 152396, 48.00, '2019-10-09 09:02:34', '2019-10-09 09:02:34'),
(158, 1, 1, 35, 41144, 152419, 51.00, '2019-10-09 09:02:34', '2019-10-09 09:02:34'),
(159, 1, 1, 35, 41148, 152423, 53.50, '2019-10-09 09:02:34', '2019-10-09 09:02:34'),
(160, 1, 1, 35, 41428, 152450, 48.50, '2019-10-09 09:02:34', '2019-10-09 09:02:34'),
(161, 1, 1, 29, 41134, 152396, 32.00, '2019-10-09 09:03:48', '2019-10-09 09:03:48'),
(162, 1, 1, 29, 41144, 152419, 33.00, '2019-10-09 09:03:48', '2019-10-09 09:03:48'),
(163, 1, 1, 29, 41148, 152423, 34.50, '2019-10-09 09:03:48', '2019-10-09 09:03:48'),
(164, 1, 1, 29, 41428, 152450, 31.50, '2019-10-09 09:03:49', '2019-10-09 09:03:49'),
(165, 1, 1, 26, 41134, 152396, 49.50, '2019-10-09 09:06:02', '2019-10-09 09:06:02'),
(166, 1, 1, 26, 41144, 152419, 51.50, '2019-10-09 09:06:02', '2019-10-09 09:06:02'),
(167, 1, 1, 26, 41148, 152423, 53.50, '2019-10-09 09:06:02', '2019-10-09 09:06:02'),
(168, 1, 1, 26, 41428, 152450, 45.75, '2019-10-09 09:06:02', '2019-10-09 09:06:02'),
(169, 1, 1, 52, 41134, 152396, 51.00, '2019-10-09 09:26:23', '2019-10-09 09:26:23'),
(170, 1, 1, 52, 41144, 152419, 49.00, '2019-10-09 09:26:23', '2019-10-09 09:26:23'),
(171, 1, 1, 52, 41148, 152423, 55.25, '2019-10-09 09:26:24', '2019-10-09 09:26:24'),
(172, 1, 1, 52, 41428, 152450, 44.00, '2019-10-09 09:26:24', '2019-10-09 09:26:24'),
(173, 1, 1, 47, 41134, 152396, 33.50, '2019-10-09 09:29:28', '2019-10-09 09:29:28'),
(174, 1, 1, 47, 41144, 152419, 36.00, '2019-10-09 09:29:28', '2019-10-09 09:29:28'),
(175, 1, 1, 47, 41148, 152423, 38.00, '2019-10-09 09:29:28', '2019-10-09 09:29:28'),
(176, 1, 1, 47, 41428, 152450, 33.00, '2019-10-09 09:29:28', '2019-10-09 09:29:28'),
(177, 1, 1, 43, 41134, 152396, 47.75, '2019-10-09 09:32:03', '2019-10-09 09:32:03'),
(178, 1, 1, 43, 41144, 152419, 49.25, '2019-10-09 09:32:03', '2019-10-09 09:32:03'),
(179, 1, 1, 43, 41148, 152423, 53.00, '2019-10-09 09:32:03', '2019-10-09 09:32:03'),
(180, 1, 1, 43, 41428, 152450, 46.75, '2019-10-09 09:32:03', '2019-10-09 09:32:03'),
(181, 1, 1, 39, 41134, 152396, 27.50, '2019-10-09 09:33:33', '2019-10-09 09:33:33'),
(182, 1, 1, 39, 41144, 152419, 28.50, '2019-10-09 09:33:33', '2019-10-09 09:33:33'),
(183, 1, 1, 39, 41148, 152423, 29.50, '2019-10-09 09:33:33', '2019-10-09 09:33:33'),
(184, 1, 1, 39, 41428, 152450, 29.50, '2019-10-09 09:33:34', '2019-10-09 09:33:34'),
(185, 1, 1, 33, 41134, 152396, 42.50, '2019-10-09 09:35:44', '2019-10-09 09:35:44'),
(186, 1, 1, 33, 41144, 152419, 39.00, '2019-10-09 09:35:44', '2019-10-09 09:35:44'),
(187, 1, 1, 33, 41148, 152423, 42.00, '2019-10-09 09:35:44', '2019-10-09 09:35:44'),
(188, 1, 1, 33, 41428, 152450, 38.50, '2019-10-09 09:35:45', '2019-10-09 09:35:45'),
(189, 1, 1, 28, 41134, 152396, 28.00, '2019-10-09 09:36:50', '2019-10-09 09:36:50'),
(190, 1, 1, 28, 41144, 152419, 27.50, '2019-10-09 09:36:50', '2019-10-09 09:36:50'),
(191, 1, 1, 28, 41148, 152423, 30.00, '2019-10-09 09:36:50', '2019-10-09 09:36:50'),
(192, 1, 1, 28, 41428, 152450, 27.00, '2019-10-09 09:36:51', '2019-10-09 09:36:51'),
(193, 1, 1, 24, 41134, 152396, 42.50, '2019-10-09 09:39:25', '2019-10-09 09:39:25'),
(194, 1, 1, 24, 41144, 152419, 41.00, '2019-10-09 09:39:25', '2019-10-09 09:39:25'),
(195, 1, 1, 24, 41148, 152423, 44.75, '2019-10-09 09:39:25', '2019-10-09 09:39:25'),
(196, 1, 1, 24, 41428, 152450, 41.50, '2019-10-09 09:39:25', '2019-10-09 09:39:25'),
(197, 1, 1, 19, 41134, 152396, 32.50, '2019-10-09 09:40:29', '2019-10-09 09:40:29'),
(198, 1, 1, 19, 41144, 152419, 32.00, '2019-10-09 09:40:29', '2019-10-09 09:40:29'),
(199, 1, 1, 19, 41148, 152423, 34.50, '2019-10-09 09:40:30', '2019-10-09 09:40:30'),
(200, 1, 1, 19, 41428, 152450, 31.00, '2019-10-09 09:40:30', '2019-10-09 09:40:30'),
(201, 1, 1, 9, 41134, 152396, 31.00, '2019-10-09 09:41:30', '2019-10-09 09:41:30'),
(202, 1, 1, 9, 41144, 152419, 32.50, '2019-10-09 09:41:30', '2019-10-09 09:41:30'),
(203, 1, 1, 9, 41148, 152423, 32.50, '2019-10-09 09:41:31', '2019-10-09 09:41:31'),
(204, 1, 1, 9, 41428, 152450, 31.50, '2019-10-09 09:41:31', '2019-10-09 09:41:31'),
(205, 1, 1, 40, 41134, 152396, 32.50, '2019-10-09 10:09:25', '2019-10-09 10:09:25'),
(206, 1, 1, 40, 41144, 152419, 33.00, '2019-10-09 10:09:25', '2019-10-09 10:09:25'),
(207, 1, 1, 40, 41148, 152423, 34.00, '2019-10-09 10:09:26', '2019-10-09 10:09:26'),
(208, 1, 1, 40, 41428, 152450, 32.00, '2019-10-09 10:09:26', '2019-10-09 10:09:26'),
(209, 1, 1, 23, 41134, 152396, 45.50, '2019-10-09 10:11:31', '2019-10-09 10:11:31'),
(210, 1, 1, 23, 41144, 152419, 45.50, '2019-10-09 10:11:31', '2019-10-09 10:11:31'),
(211, 1, 1, 23, 41148, 152423, 47.00, '2019-10-09 10:11:31', '2019-10-09 10:11:31'),
(212, 1, 1, 23, 41428, 152450, 46.00, '2019-10-09 10:11:31', '2019-10-09 10:11:31'),
(213, 1, 1, 18, 41134, 152396, 29.50, '2019-10-09 10:13:01', '2019-10-09 10:13:01'),
(214, 1, 1, 18, 41144, 152419, 32.00, '2019-10-09 10:13:01', '2019-10-09 10:13:01'),
(215, 1, 1, 18, 41148, 152423, 32.50, '2019-10-09 10:13:01', '2019-10-09 10:13:01'),
(216, 1, 1, 18, 41428, 152450, 32.00, '2019-10-09 10:13:01', '2019-10-09 10:13:01'),
(217, 1, 1, 16, 41134, 152396, 44.00, '2019-10-09 10:15:05', '2019-10-09 10:15:05'),
(218, 1, 1, 16, 41144, 152419, 45.50, '2019-10-09 10:15:05', '2019-10-09 10:15:05'),
(219, 1, 1, 16, 41148, 152423, 46.50, '2019-10-09 10:15:05', '2019-10-09 10:15:05'),
(220, 1, 1, 16, 41428, 152450, 44.00, '2019-10-09 10:15:05', '2019-10-09 10:15:05'),
(221, 1, 1, 11, 41134, 152396, 31.00, '2019-10-09 10:16:24', '2019-10-09 10:16:24'),
(222, 1, 1, 11, 41144, 152419, 31.50, '2019-10-09 10:16:24', '2019-10-09 10:16:24'),
(223, 1, 1, 11, 41148, 152423, 32.50, '2019-10-09 10:16:24', '2019-10-09 10:16:24'),
(224, 1, 1, 11, 41428, 152450, 31.00, '2019-10-09 10:16:24', '2019-10-09 10:16:24'),
(225, 1, 1, 13, 41134, 152396, 33.50, '2019-10-09 10:23:47', '2019-10-09 10:23:47'),
(226, 1, 1, 13, 41144, 152419, 33.50, '2019-10-09 10:23:47', '2019-10-09 10:23:47'),
(227, 1, 1, 13, 41148, 152423, 36.50, '2019-10-09 10:23:47', '2019-10-09 10:23:47'),
(228, 1, 1, 13, 41428, 152450, 34.50, '2019-10-09 10:23:47', '2019-10-09 10:23:47'),
(229, 1, 1, 63, 41134, 152396, 33.50, '2019-10-09 10:28:42', '2019-10-09 10:28:42'),
(230, 1, 1, 63, 41144, 152419, 32.50, '2019-10-09 10:28:42', '2019-10-09 10:28:42'),
(231, 1, 1, 63, 41148, 152423, 34.00, '2019-10-09 10:28:43', '2019-10-09 10:28:43'),
(232, 1, 1, 63, 41428, 152450, 31.00, '2019-10-09 10:28:43', '2019-10-09 10:28:43'),
(233, 1, 1, 60, 41134, 152396, 45.75, '2019-10-09 10:31:33', '2019-10-09 10:31:33'),
(234, 1, 1, 60, 41144, 152419, 48.50, '2019-10-09 10:31:33', '2019-10-09 10:31:33'),
(235, 1, 1, 60, 41148, 152423, 48.50, '2019-10-09 10:31:34', '2019-10-09 10:31:34'),
(236, 1, 1, 60, 41428, 152450, 46.00, '2019-10-09 10:31:34', '2019-10-09 10:31:34'),
(237, 1, 1, 55, 41134, 152396, 32.00, '2019-10-09 10:33:08', '2019-10-09 10:33:08'),
(238, 1, 1, 55, 41144, 152419, 32.50, '2019-10-09 10:33:08', '2019-10-09 10:33:08'),
(239, 1, 1, 55, 41148, 152423, 31.75, '2019-10-09 10:33:08', '2019-10-09 10:33:08'),
(240, 1, 1, 55, 41428, 152450, 31.50, '2019-10-09 10:33:08', '2019-10-09 10:33:08'),
(241, 1, 1, 25, 41134, 152396, 50.00, '2019-10-09 10:40:15', '2019-10-09 10:40:15'),
(242, 1, 1, 25, 41144, 152419, 53.50, '2019-10-09 10:40:15', '2019-10-09 10:40:15'),
(243, 1, 1, 25, 41148, 152423, 49.50, '2019-10-09 10:40:15', '2019-10-09 10:40:15'),
(244, 1, 1, 25, 41428, 152450, 48.00, '2019-10-09 10:40:15', '2019-10-09 10:40:15'),
(245, 1, 1, 20, 41134, 152396, 33.50, '2019-10-09 10:41:20', '2019-10-09 10:41:20'),
(246, 1, 1, 20, 41144, 152419, 33.50, '2019-10-09 10:41:20', '2019-10-09 10:41:20'),
(247, 1, 1, 20, 41148, 152423, 33.00, '2019-10-09 10:41:20', '2019-10-09 10:41:20'),
(248, 1, 1, 20, 41428, 152450, 32.00, '2019-10-09 10:41:20', '2019-10-09 10:41:20'),
(249, 1, 1, 14, 41134, 152396, 36.00, '2019-10-09 10:42:31', '2019-10-09 10:42:31'),
(250, 1, 1, 14, 41144, 152419, 35.50, '2019-10-09 10:42:31', '2019-10-09 10:42:31'),
(251, 1, 1, 14, 41148, 152423, 33.75, '2019-10-09 10:42:31', '2019-10-09 10:42:31'),
(252, 1, 1, 14, 41428, 152450, 32.50, '2019-10-09 10:42:31', '2019-10-09 10:42:31'),
(253, 1, 1, 51, 41134, 152396, 47.00, '2019-10-09 10:53:56', '2019-10-09 10:53:56'),
(254, 1, 1, 51, 41144, 152419, 48.50, '2019-10-09 10:53:56', '2019-10-09 10:53:56'),
(255, 1, 1, 51, 41148, 152423, 49.25, '2019-10-09 10:53:56', '2019-10-09 10:53:56'),
(256, 1, 1, 51, 41428, 152450, 48.25, '2019-10-09 10:53:56', '2019-10-09 10:53:56'),
(257, 1, 1, 46, 41134, 152396, 33.00, '2019-10-09 10:55:05', '2019-10-09 10:55:05'),
(258, 1, 1, 46, 41144, 152419, 33.00, '2019-10-09 10:55:05', '2019-10-09 10:55:05'),
(259, 1, 1, 46, 41148, 152423, 31.00, '2019-10-09 10:55:05', '2019-10-09 10:55:05'),
(260, 1, 1, 46, 41428, 152450, 31.00, '2019-10-09 10:55:05', '2019-10-09 10:55:05'),
(261, 1, 1, 59, 41134, 152396, 33.50, '2019-10-09 10:59:51', '2019-10-09 10:59:51'),
(262, 1, 1, 59, 41144, 152419, 32.00, '2019-10-09 10:59:51', '2019-10-09 10:59:51'),
(263, 1, 1, 59, 41148, 152423, 34.25, '2019-10-09 10:59:51', '2019-10-09 10:59:51'),
(264, 1, 1, 59, 41428, 152450, 30.50, '2019-10-09 10:59:51', '2019-10-09 10:59:51'),
(265, 1, 1, 53, 41134, 152396, 46.25, '2019-10-09 11:03:15', '2019-10-09 11:03:15'),
(266, 1, 1, 53, 41144, 152419, 49.00, '2019-10-09 11:03:15', '2019-10-09 11:03:15'),
(267, 1, 1, 53, 41148, 152423, 49.50, '2019-10-09 11:03:15', '2019-10-09 11:03:15'),
(268, 1, 1, 53, 41428, 152450, 46.75, '2019-10-09 11:03:15', '2019-10-09 11:03:15'),
(269, 1, 1, 48, 41134, 152396, 32.50, '2019-10-09 11:04:43', '2019-10-09 11:04:43'),
(270, 1, 1, 48, 41144, 152419, 32.50, '2019-10-09 11:04:43', '2019-10-09 11:04:43'),
(271, 1, 1, 48, 41148, 152423, 35.75, '2019-10-09 11:04:43', '2019-10-09 11:04:43'),
(272, 1, 1, 48, 41428, 152450, 32.25, '2019-10-09 11:04:43', '2019-10-09 11:04:43');

-- --------------------------------------------------------

--
-- Table structure for table `migrations`
--

CREATE TABLE `migrations` (
  `id` int(10) UNSIGNED NOT NULL,
  `migration` varchar(191) COLLATE utf8mb4_unicode_ci NOT NULL,
  `batch` int(11) NOT NULL
) ENGINE=InnoDB DEFAULT CHARSET=utf8mb4 COLLATE=utf8mb4_unicode_ci;

--
-- Dumping data for table `migrations`
--

INSERT INTO `migrations` (`id`, `migration`, `batch`) VALUES
(1, '2014_10_12_000000_create_users_table', 1),
(2, '2014_10_12_100000_create_password_resets_table', 1),
(3, '2019_07_22_161008_create_roles_table', 1),
(4, '2019_07_26_193103_create_depts_table', 2),
(5, '2019_07_26_203559_create_halls_table', 3),
(6, '2019_07_26_205037_create_sessions_table', 4),
(8, '2019_07_26_214138_create_designations_table', 6),
(9, '2019_07_27_091130_create_teachers_table', 7),
(12, '2019_07_26_210655_create_years_table', 8),
(13, '2019_07_30_001923_create_courses_table', 8),
(14, '2019_07_30_024124_create_semesters_table', 8),
(15, '2019_07_30_225717_create_year_heads_table', 9),
(17, '2019_07_31_021329_create_students_table', 10),
(19, '2019_07_31_193112_create_course_teachers_table', 11),
(20, '2019_08_01_032239_create_attendances_table', 12),
(21, '2019_08_04_010844_create_tutorials_table', 13),
(22, '2019_08_05_012627_create_assignments_table', 14),
(23, '2019_08_08_010319_create_reports_table', 15),
(24, '2019_08_08_221803_create_quizzes_table', 16),
(25, '2019_10_01_225803_create_externals_table', 17),
(27, '2019_10_02_135200_create_final_marks_table', 18),
(28, '2019_10_08_163342_create_incourse_marks_table', 19);

-- --------------------------------------------------------

--
-- Table structure for table `password_resets`
--

CREATE TABLE `password_resets` (
  `email` varchar(191) COLLATE utf8mb4_unicode_ci NOT NULL,
  `token` varchar(191) COLLATE utf8mb4_unicode_ci NOT NULL,
  `created_at` timestamp NULL DEFAULT NULL
) ENGINE=InnoDB DEFAULT CHARSET=utf8mb4 COLLATE=utf8mb4_unicode_ci;

-- --------------------------------------------------------

--
-- Table structure for table `quizzes`
--

CREATE TABLE `quizzes` (
  `id` bigint(20) UNSIGNED NOT NULL,
  `course_id` bigint(20) UNSIGNED NOT NULL,
  `session_id` bigint(20) UNSIGNED NOT NULL,
  `teacher_id` bigint(20) UNSIGNED NOT NULL,
  `student_id` bigint(20) UNSIGNED NOT NULL,
  `quiz_no` int(11) NOT NULL,
  `marks` double(8,2) NOT NULL,
  `created_at` timestamp NULL DEFAULT NULL,
  `updated_at` timestamp NULL DEFAULT NULL
) ENGINE=InnoDB DEFAULT CHARSET=utf8mb4 COLLATE=utf8mb4_unicode_ci;

--
-- Dumping data for table `quizzes`
--

INSERT INTO `quizzes` (`id`, `course_id`, `session_id`, `teacher_id`, `student_id`, `quiz_no`, `marks`, `created_at`, `updated_at`) VALUES
(25, 3, 1, 1, 7, 1, 4.00, '2019-08-08 17:33:33', '2019-08-08 17:33:33'),
(26, 3, 1, 1, 8, 1, 5.00, '2019-08-08 17:33:33', '2019-08-08 17:33:33'),
(27, 3, 1, 1, 9, 1, 6.00, '2019-08-08 17:33:33', '2019-08-08 17:33:33'),
(28, 3, 1, 1, 10, 1, 7.00, '2019-08-08 17:33:33', '2019-08-08 17:33:33'),
(33, 3, 1, 1, 7, 2, 6.00, '2019-08-08 17:34:58', '2019-08-08 17:34:58'),
(34, 3, 1, 1, 8, 2, 5.00, '2019-08-08 17:34:58', '2019-08-08 17:34:58'),
(35, 3, 1, 1, 9, 2, 8.00, '2019-08-08 17:34:59', '2019-08-08 17:34:59'),
(36, 3, 1, 1, 10, 2, 7.00, '2019-08-08 17:34:59', '2019-08-08 17:34:59'),
(37, 3, 1, 1, 7, 3, 9.00, '2019-08-08 17:35:39', '2019-08-08 17:35:39'),
(38, 3, 1, 1, 8, 3, 8.00, '2019-08-08 17:35:39', '2019-08-08 17:35:39'),
(39, 3, 1, 1, 9, 3, 8.00, '2019-08-08 17:35:39', '2019-08-08 17:35:39'),
(40, 3, 1, 1, 10, 3, 4.00, '2019-08-08 17:35:39', '2019-08-08 17:35:39'),
(41, 8, 1, 7, 7, 1, 4.00, '2019-10-08 18:47:08', '2019-10-08 18:47:08'),
(42, 8, 1, 7, 8, 1, 6.00, '2019-10-08 18:47:08', '2019-10-08 18:47:08'),
(43, 8, 1, 7, 9, 1, 8.00, '2019-10-08 18:47:08', '2019-10-08 18:47:08'),
(44, 8, 1, 7, 10, 1, 7.00, '2019-10-08 18:47:08', '2019-10-08 18:47:08'),
(45, 8, 1, 7, 7, 2, 7.00, '2019-10-08 18:47:30', '2019-10-08 18:47:30'),
(46, 8, 1, 7, 8, 2, 4.00, '2019-10-08 18:47:31', '2019-10-08 18:47:31'),
(47, 8, 1, 7, 9, 2, 7.00, '2019-10-08 18:47:31', '2019-10-08 18:47:31'),
(48, 8, 1, 7, 10, 2, 3.00, '2019-10-08 18:47:31', '2019-10-08 18:47:31'),
(49, 10, 1, 7, 7, 1, 7.00, '2019-10-08 18:57:05', '2019-10-08 18:57:05'),
(50, 10, 1, 7, 8, 1, 6.00, '2019-10-08 18:57:05', '2019-10-08 18:57:05'),
(51, 10, 1, 7, 9, 1, 9.00, '2019-10-08 18:57:06', '2019-10-08 18:57:06'),
(52, 10, 1, 7, 10, 1, 8.00, '2019-10-08 18:57:06', '2019-10-08 18:57:06'),
(53, 10, 1, 7, 7, 2, 6.00, '2019-10-08 18:57:24', '2019-10-08 18:57:24'),
(54, 10, 1, 7, 8, 2, 6.00, '2019-10-08 18:57:24', '2019-10-08 18:57:24'),
(55, 10, 1, 7, 9, 2, 7.00, '2019-10-08 18:57:24', '2019-10-08 18:57:24'),
(56, 10, 1, 7, 10, 2, 8.00, '2019-10-08 18:57:24', '2019-10-08 18:57:24'),
(57, 17, 1, 7, 7, 1, 8.00, '2019-10-08 19:03:33', '2019-10-08 19:03:33'),
(58, 17, 1, 7, 8, 1, 7.00, '2019-10-08 19:03:33', '2019-10-08 19:03:33'),
(59, 17, 1, 7, 9, 1, 10.00, '2019-10-08 19:03:33', '2019-10-08 19:03:33'),
(60, 17, 1, 7, 10, 1, 8.00, '2019-10-08 19:03:33', '2019-10-08 19:03:33'),
(61, 17, 1, 7, 7, 2, 10.00, '2019-10-08 19:04:32', '2019-10-08 19:04:32'),
(62, 17, 1, 7, 8, 2, 8.00, '2019-10-08 19:04:33', '2019-10-08 19:04:33'),
(63, 17, 1, 7, 9, 2, 9.00, '2019-10-08 19:04:33', '2019-10-08 19:04:33'),
(64, 17, 1, 7, 10, 2, 10.00, '2019-10-08 19:04:33', '2019-10-08 19:04:33'),
(65, 15, 1, 1, 7, 1, 8.00, '2019-10-08 19:18:07', '2019-10-08 19:18:07'),
(66, 15, 1, 1, 8, 1, 7.00, '2019-10-08 19:18:07', '2019-10-08 19:18:07'),
(67, 15, 1, 1, 9, 1, 9.00, '2019-10-08 19:18:07', '2019-10-08 19:18:07'),
(68, 15, 1, 1, 10, 1, 8.00, '2019-10-08 19:18:07', '2019-10-08 19:18:07'),
(69, 15, 1, 1, 7, 2, 7.00, '2019-10-08 19:18:26', '2019-10-08 19:18:26'),
(70, 15, 1, 1, 8, 2, 8.00, '2019-10-08 19:18:26', '2019-10-08 19:18:26'),
(71, 15, 1, 1, 9, 2, 10.00, '2019-10-08 19:18:26', '2019-10-08 19:18:26'),
(72, 15, 1, 1, 10, 2, 7.00, '2019-10-08 19:18:26', '2019-10-08 19:18:26'),
(73, 62, 1, 1, 7, 1, 8.00, '2019-10-08 20:04:29', '2019-10-08 20:04:29'),
(74, 62, 1, 1, 8, 1, 9.00, '2019-10-08 20:04:29', '2019-10-08 20:04:29'),
(75, 62, 1, 1, 9, 1, 10.00, '2019-10-08 20:04:29', '2019-10-08 20:04:29'),
(76, 62, 1, 1, 10, 1, 8.00, '2019-10-08 20:04:29', '2019-10-08 20:04:29'),
(77, 62, 1, 1, 7, 2, 7.00, '2019-10-08 20:04:49', '2019-10-08 20:04:49'),
(78, 62, 1, 1, 8, 2, 6.00, '2019-10-08 20:04:49', '2019-10-08 20:04:49'),
(79, 62, 1, 1, 9, 2, 9.00, '2019-10-08 20:04:49', '2019-10-08 20:04:49'),
(80, 62, 1, 1, 10, 2, 8.00, '2019-10-08 20:04:49', '2019-10-08 20:04:49'),
(81, 68, 1, 1, 7, 1, 10.00, '2019-10-08 20:08:38', '2019-10-08 20:08:38'),
(82, 68, 1, 1, 8, 1, 9.00, '2019-10-08 20:08:38', '2019-10-08 20:08:38'),
(83, 68, 1, 1, 9, 1, 10.00, '2019-10-08 20:08:38', '2019-10-08 20:08:38'),
(84, 68, 1, 1, 10, 1, 8.00, '2019-10-08 20:08:38', '2019-10-08 20:08:38'),
(85, 68, 1, 1, 7, 2, 7.00, '2019-10-08 20:09:18', '2019-10-08 20:09:18'),
(86, 68, 1, 1, 8, 2, 8.00, '2019-10-08 20:09:18', '2019-10-08 20:09:18'),
(87, 68, 1, 1, 9, 2, 10.00, '2019-10-08 20:09:18', '2019-10-08 20:09:18'),
(88, 68, 1, 1, 10, 2, 9.00, '2019-10-08 20:09:18', '2019-10-08 20:09:18'),
(89, 69, 1, 1, 7, 1, 9.00, '2019-10-08 20:13:48', '2019-10-08 20:13:48'),
(90, 69, 1, 1, 8, 1, 8.00, '2019-10-08 20:13:48', '2019-10-08 20:13:48'),
(91, 69, 1, 1, 9, 1, 10.00, '2019-10-08 20:13:48', '2019-10-08 20:13:48'),
(92, 69, 1, 1, 10, 1, 8.00, '2019-10-08 20:13:48', '2019-10-08 20:13:48'),
(93, 69, 1, 1, 7, 2, 9.00, '2019-10-08 20:14:30', '2019-10-08 20:14:30'),
(94, 69, 1, 1, 8, 2, 9.00, '2019-10-08 20:14:30', '2019-10-08 20:14:30'),
(95, 69, 1, 1, 9, 2, 10.00, '2019-10-08 20:14:30', '2019-10-08 20:14:30'),
(96, 69, 1, 1, 10, 2, 7.00, '2019-10-08 20:14:30', '2019-10-08 20:14:30'),
(97, 44, 1, 2, 7, 1, 8.00, '2019-10-08 21:39:35', '2019-10-08 21:39:35'),
(98, 44, 1, 2, 8, 1, 9.00, '2019-10-08 21:39:35', '2019-10-08 21:39:35'),
(99, 44, 1, 2, 9, 1, 9.00, '2019-10-08 21:39:35', '2019-10-08 21:39:35'),
(100, 44, 1, 2, 10, 1, 7.00, '2019-10-08 21:39:35', '2019-10-08 21:39:35'),
(101, 44, 1, 2, 7, 2, 7.00, '2019-10-08 21:40:01', '2019-10-08 21:40:01'),
(102, 44, 1, 2, 8, 2, 8.00, '2019-10-08 21:40:01', '2019-10-08 21:40:01'),
(103, 44, 1, 2, 9, 2, 9.00, '2019-10-08 21:40:01', '2019-10-08 21:40:01'),
(104, 44, 1, 2, 10, 2, 5.00, '2019-10-08 21:40:01', '2019-10-08 21:40:01'),
(105, 34, 1, 2, 7, 1, 7.00, '2019-10-08 21:42:48', '2019-10-08 21:42:48'),
(106, 34, 1, 2, 8, 1, 8.00, '2019-10-08 21:42:48', '2019-10-08 21:42:48'),
(107, 34, 1, 2, 9, 1, 9.00, '2019-10-08 21:42:48', '2019-10-08 21:42:48'),
(108, 34, 1, 2, 10, 1, 10.00, '2019-10-08 21:42:48', '2019-10-08 21:42:48'),
(109, 34, 1, 2, 7, 2, 5.00, '2019-10-08 21:43:05', '2019-10-08 21:43:05'),
(110, 34, 1, 2, 8, 2, 6.00, '2019-10-08 21:43:05', '2019-10-08 21:43:05'),
(111, 34, 1, 2, 9, 2, 7.00, '2019-10-08 21:43:05', '2019-10-08 21:43:05'),
(112, 34, 1, 2, 10, 2, 8.00, '2019-10-08 21:43:05', '2019-10-08 21:43:05'),
(113, 32, 1, 6, 7, 1, 7.00, '2019-10-09 07:15:28', '2019-10-09 07:15:28'),
(114, 32, 1, 6, 8, 1, 8.00, '2019-10-09 07:15:28', '2019-10-09 07:15:28'),
(115, 32, 1, 6, 9, 1, 9.00, '2019-10-09 07:15:28', '2019-10-09 07:15:28'),
(116, 32, 1, 6, 10, 1, 7.00, '2019-10-09 07:15:28', '2019-10-09 07:15:28'),
(117, 32, 1, 6, 7, 2, 9.00, '2019-10-09 07:15:43', '2019-10-09 07:15:43'),
(118, 32, 1, 6, 8, 2, 8.00, '2019-10-09 07:15:44', '2019-10-09 07:15:44'),
(119, 32, 1, 6, 9, 2, 10.00, '2019-10-09 07:15:44', '2019-10-09 07:15:44'),
(120, 32, 1, 6, 10, 2, 8.00, '2019-10-09 07:15:44', '2019-10-09 07:15:44'),
(121, 54, 1, 3, 7, 1, 7.00, '2019-10-09 07:34:08', '2019-10-09 07:34:08'),
(122, 54, 1, 3, 8, 1, 8.00, '2019-10-09 07:34:08', '2019-10-09 07:34:08'),
(123, 54, 1, 3, 9, 1, 9.00, '2019-10-09 07:34:08', '2019-10-09 07:34:08'),
(124, 54, 1, 3, 10, 1, 10.00, '2019-10-09 07:34:08', '2019-10-09 07:34:08'),
(125, 54, 1, 3, 7, 2, 5.00, '2019-10-09 07:34:22', '2019-10-09 07:34:22'),
(126, 54, 1, 3, 8, 2, 6.00, '2019-10-09 07:34:22', '2019-10-09 07:34:22'),
(127, 54, 1, 3, 9, 2, 10.00, '2019-10-09 07:34:22', '2019-10-09 07:34:22'),
(128, 54, 1, 3, 10, 2, 4.00, '2019-10-09 07:34:22', '2019-10-09 07:34:22'),
(129, 50, 1, 8, 7, 1, 7.00, '2019-10-09 08:00:02', '2019-10-09 08:00:02'),
(130, 50, 1, 8, 8, 1, 8.00, '2019-10-09 08:00:02', '2019-10-09 08:00:02'),
(131, 50, 1, 8, 9, 1, 9.00, '2019-10-09 08:00:02', '2019-10-09 08:00:02'),
(132, 50, 1, 8, 10, 1, 7.00, '2019-10-09 08:00:03', '2019-10-09 08:00:03'),
(133, 50, 1, 8, 7, 2, 7.00, '2019-10-09 08:00:58', '2019-10-09 08:00:58'),
(134, 50, 1, 8, 8, 2, 7.00, '2019-10-09 08:00:59', '2019-10-09 08:00:59'),
(135, 50, 1, 8, 9, 2, 8.00, '2019-10-09 08:00:59', '2019-10-09 08:00:59'),
(136, 50, 1, 8, 10, 2, 8.00, '2019-10-09 08:00:59', '2019-10-09 08:00:59'),
(137, 41, 1, 8, 7, 1, 7.00, '2019-10-09 08:08:10', '2019-10-09 08:08:10'),
(138, 41, 1, 8, 8, 1, 8.00, '2019-10-09 08:08:10', '2019-10-09 08:08:10'),
(139, 41, 1, 8, 9, 1, 9.00, '2019-10-09 08:08:10', '2019-10-09 08:08:10'),
(140, 41, 1, 8, 10, 1, 5.00, '2019-10-09 08:08:10', '2019-10-09 08:08:10'),
(141, 41, 1, 8, 7, 2, 7.00, '2019-10-09 08:08:34', '2019-10-09 08:08:34'),
(142, 41, 1, 8, 8, 2, 5.00, '2019-10-09 08:08:34', '2019-10-09 08:08:34'),
(143, 41, 1, 8, 9, 2, 8.50, '2019-10-09 08:08:34', '2019-10-09 08:08:34'),
(144, 41, 1, 8, 10, 2, 7.00, '2019-10-09 08:08:34', '2019-10-09 08:08:34'),
(145, 61, 1, 9, 7, 1, 5.00, '2019-10-09 08:47:05', '2019-10-09 08:47:05'),
(146, 61, 1, 9, 8, 1, 6.00, '2019-10-09 08:47:05', '2019-10-09 08:47:05'),
(147, 61, 1, 9, 9, 1, 7.00, '2019-10-09 08:47:05', '2019-10-09 08:47:05'),
(148, 61, 1, 9, 10, 1, 5.00, '2019-10-09 08:47:05', '2019-10-09 08:47:05'),
(149, 61, 1, 9, 7, 2, 8.00, '2019-10-09 08:47:17', '2019-10-09 08:47:17'),
(150, 61, 1, 9, 8, 2, 9.00, '2019-10-09 08:47:17', '2019-10-09 08:47:17'),
(151, 61, 1, 9, 9, 2, 9.00, '2019-10-09 08:47:17', '2019-10-09 08:47:17'),
(152, 61, 1, 9, 10, 2, 7.00, '2019-10-09 08:47:17', '2019-10-09 08:47:17'),
(153, 42, 1, 9, 7, 1, 7.00, '2019-10-09 08:53:29', '2019-10-09 08:53:29'),
(154, 42, 1, 9, 8, 1, 8.00, '2019-10-09 08:53:29', '2019-10-09 08:53:29'),
(155, 42, 1, 9, 9, 1, 9.00, '2019-10-09 08:53:29', '2019-10-09 08:53:29'),
(156, 42, 1, 9, 10, 1, 8.50, '2019-10-09 08:53:29', '2019-10-09 08:53:29'),
(157, 42, 1, 9, 7, 2, 9.50, '2019-10-09 08:53:48', '2019-10-09 08:53:48'),
(158, 42, 1, 9, 8, 2, 7.50, '2019-10-09 08:53:48', '2019-10-09 08:53:48'),
(159, 42, 1, 9, 9, 2, 8.00, '2019-10-09 08:53:48', '2019-10-09 08:53:48'),
(160, 42, 1, 9, 10, 2, 6.50, '2019-10-09 08:53:48', '2019-10-09 08:53:48'),
(161, 35, 1, 9, 7, 1, 7.00, '2019-10-09 09:00:04', '2019-10-09 09:00:04'),
(162, 35, 1, 9, 8, 1, 8.00, '2019-10-09 09:00:04', '2019-10-09 09:00:04'),
(163, 35, 1, 9, 9, 1, 8.00, '2019-10-09 09:00:04', '2019-10-09 09:00:04'),
(164, 35, 1, 9, 10, 1, 9.00, '2019-10-09 09:00:04', '2019-10-09 09:00:04'),
(165, 35, 1, 9, 7, 2, 7.00, '2019-10-09 09:00:18', '2019-10-09 09:00:18'),
(166, 35, 1, 9, 8, 2, 8.00, '2019-10-09 09:00:18', '2019-10-09 09:00:18'),
(167, 35, 1, 9, 9, 2, 9.00, '2019-10-09 09:00:18', '2019-10-09 09:00:18'),
(168, 35, 1, 9, 10, 2, 7.00, '2019-10-09 09:00:18', '2019-10-09 09:00:18'),
(169, 26, 1, 9, 7, 1, 10.00, '2019-10-09 09:05:14', '2019-10-09 09:05:14'),
(170, 26, 1, 9, 8, 1, 10.00, '2019-10-09 09:05:14', '2019-10-09 09:05:14'),
(171, 26, 1, 9, 9, 1, 10.00, '2019-10-09 09:05:14', '2019-10-09 09:05:14'),
(172, 26, 1, 9, 10, 1, 10.00, '2019-10-09 09:05:14', '2019-10-09 09:05:14'),
(173, 26, 1, 9, 7, 2, 9.00, '2019-10-09 09:05:28', '2019-10-09 09:05:28'),
(174, 26, 1, 9, 8, 2, 9.00, '2019-10-09 09:05:28', '2019-10-09 09:05:28'),
(175, 26, 1, 9, 9, 2, 10.00, '2019-10-09 09:05:28', '2019-10-09 09:05:28'),
(176, 26, 1, 9, 10, 2, 9.50, '2019-10-09 09:05:28', '2019-10-09 09:05:28'),
(177, 52, 1, 10, 7, 1, 8.00, '2019-10-09 09:25:53', '2019-10-09 09:25:53'),
(178, 52, 1, 10, 8, 1, 9.00, '2019-10-09 09:25:53', '2019-10-09 09:25:53'),
(179, 52, 1, 10, 9, 1, 9.00, '2019-10-09 09:25:53', '2019-10-09 09:25:53'),
(180, 52, 1, 10, 10, 1, 8.00, '2019-10-09 09:25:53', '2019-10-09 09:25:53'),
(181, 52, 1, 10, 7, 2, 7.00, '2019-10-09 09:26:08', '2019-10-09 09:26:08'),
(182, 52, 1, 10, 8, 2, 8.00, '2019-10-09 09:26:09', '2019-10-09 09:26:09'),
(183, 52, 1, 10, 9, 2, 9.50, '2019-10-09 09:26:09', '2019-10-09 09:26:09'),
(184, 52, 1, 10, 10, 2, 8.00, '2019-10-09 09:26:09', '2019-10-09 09:26:09'),
(185, 43, 1, 10, 7, 1, 7.00, '2019-10-09 09:31:24', '2019-10-09 09:31:24'),
(186, 43, 1, 10, 8, 1, 8.00, '2019-10-09 09:31:24', '2019-10-09 09:31:24'),
(187, 43, 1, 10, 9, 1, 9.50, '2019-10-09 09:31:24', '2019-10-09 09:31:24'),
(188, 43, 1, 10, 10, 1, 8.50, '2019-10-09 09:31:24', '2019-10-09 09:31:24'),
(189, 43, 1, 10, 7, 2, 7.50, '2019-10-09 09:31:47', '2019-10-09 09:31:47'),
(190, 43, 1, 10, 8, 2, 8.50, '2019-10-09 09:31:47', '2019-10-09 09:31:47'),
(191, 43, 1, 10, 9, 2, 7.50, '2019-10-09 09:31:47', '2019-10-09 09:31:47'),
(192, 43, 1, 10, 10, 2, 8.00, '2019-10-09 09:31:47', '2019-10-09 09:31:47'),
(193, 33, 1, 10, 7, 1, 7.00, '2019-10-09 09:35:11', '2019-10-09 09:35:11'),
(194, 33, 1, 10, 8, 1, 4.00, '2019-10-09 09:35:11', '2019-10-09 09:35:11'),
(195, 33, 1, 10, 9, 1, 5.00, '2019-10-09 09:35:11', '2019-10-09 09:35:11'),
(196, 33, 1, 10, 10, 1, 4.00, '2019-10-09 09:35:11', '2019-10-09 09:35:11'),
(197, 33, 1, 10, 7, 2, 6.00, '2019-10-09 09:35:23', '2019-10-09 09:35:23'),
(198, 33, 1, 10, 8, 2, 6.00, '2019-10-09 09:35:23', '2019-10-09 09:35:23'),
(199, 33, 1, 10, 9, 2, 5.00, '2019-10-09 09:35:23', '2019-10-09 09:35:23'),
(200, 33, 1, 10, 10, 2, 4.00, '2019-10-09 09:35:23', '2019-10-09 09:35:23'),
(201, 24, 1, 10, 7, 1, 8.00, '2019-10-09 09:38:54', '2019-10-09 09:38:54'),
(202, 24, 1, 10, 8, 1, 8.00, '2019-10-09 09:38:54', '2019-10-09 09:38:54'),
(203, 24, 1, 10, 9, 1, 8.00, '2019-10-09 09:38:54', '2019-10-09 09:38:54'),
(204, 24, 1, 10, 10, 1, 8.00, '2019-10-09 09:38:54', '2019-10-09 09:38:54'),
(205, 24, 1, 10, 7, 2, 7.00, '2019-10-09 09:39:11', '2019-10-09 09:39:11'),
(206, 24, 1, 10, 8, 2, 7.00, '2019-10-09 09:39:11', '2019-10-09 09:39:11'),
(207, 24, 1, 10, 9, 2, 7.00, '2019-10-09 09:39:11', '2019-10-09 09:39:11'),
(208, 24, 1, 10, 10, 2, 7.00, '2019-10-09 09:39:11', '2019-10-09 09:39:11'),
(209, 23, 1, 11, 7, 1, 8.00, '2019-10-09 10:11:03', '2019-10-09 10:11:03'),
(210, 23, 1, 11, 8, 1, 8.00, '2019-10-09 10:11:03', '2019-10-09 10:11:03'),
(211, 23, 1, 11, 9, 1, 8.00, '2019-10-09 10:11:03', '2019-10-09 10:11:03'),
(212, 23, 1, 11, 10, 1, 8.00, '2019-10-09 10:11:03', '2019-10-09 10:11:03'),
(213, 23, 1, 11, 7, 2, 8.00, '2019-10-09 10:11:14', '2019-10-09 10:11:14'),
(214, 23, 1, 11, 8, 2, 7.00, '2019-10-09 10:11:14', '2019-10-09 10:11:14'),
(215, 23, 1, 11, 9, 2, 8.00, '2019-10-09 10:11:14', '2019-10-09 10:11:14'),
(216, 23, 1, 11, 10, 2, 7.00, '2019-10-09 10:11:14', '2019-10-09 10:11:14'),
(217, 16, 1, 11, 7, 1, 8.00, '2019-10-09 10:14:38', '2019-10-09 10:14:38'),
(218, 16, 1, 11, 8, 1, 7.00, '2019-10-09 10:14:38', '2019-10-09 10:14:38'),
(219, 16, 1, 11, 9, 1, 6.00, '2019-10-09 10:14:38', '2019-10-09 10:14:38'),
(220, 16, 1, 11, 10, 1, 5.00, '2019-10-09 10:14:38', '2019-10-09 10:14:38'),
(221, 16, 1, 11, 7, 2, 7.00, '2019-10-09 10:14:49', '2019-10-09 10:14:49'),
(222, 16, 1, 11, 8, 2, 8.00, '2019-10-09 10:14:50', '2019-10-09 10:14:50'),
(223, 16, 1, 11, 9, 2, 8.00, '2019-10-09 10:14:50', '2019-10-09 10:14:50'),
(224, 16, 1, 11, 10, 2, 4.00, '2019-10-09 10:14:50', '2019-10-09 10:14:50'),
(225, 60, 1, 13, 7, 1, 8.00, '2019-10-09 10:30:57', '2019-10-09 10:30:57'),
(226, 60, 1, 13, 8, 1, 8.00, '2019-10-09 10:30:57', '2019-10-09 10:30:57'),
(227, 60, 1, 13, 9, 1, 8.00, '2019-10-09 10:30:57', '2019-10-09 10:30:57'),
(228, 60, 1, 13, 10, 1, 8.00, '2019-10-09 10:30:57', '2019-10-09 10:30:57'),
(229, 60, 1, 13, 7, 2, 7.00, '2019-10-09 10:31:17', '2019-10-09 10:31:17'),
(230, 60, 1, 13, 8, 2, 7.00, '2019-10-09 10:31:17', '2019-10-09 10:31:17'),
(231, 60, 1, 13, 9, 2, 7.50, '2019-10-09 10:31:17', '2019-10-09 10:31:17'),
(232, 60, 1, 13, 10, 2, 7.00, '2019-10-09 10:31:17', '2019-10-09 10:31:17'),
(233, 25, 1, 14, 7, 1, 8.00, '2019-10-09 10:39:35', '2019-10-09 10:39:35'),
(234, 25, 1, 14, 8, 1, 9.00, '2019-10-09 10:39:35', '2019-10-09 10:39:35'),
(235, 25, 1, 14, 9, 1, 7.50, '2019-10-09 10:39:35', '2019-10-09 10:39:35'),
(236, 25, 1, 14, 10, 1, 8.00, '2019-10-09 10:39:35', '2019-10-09 10:39:35'),
(237, 25, 1, 14, 7, 2, 7.00, '2019-10-09 10:39:59', '2019-10-09 10:39:59'),
(238, 25, 1, 14, 8, 2, 8.00, '2019-10-09 10:39:59', '2019-10-09 10:39:59'),
(239, 25, 1, 14, 9, 2, 9.00, '2019-10-09 10:39:59', '2019-10-09 10:39:59'),
(240, 25, 1, 14, 10, 2, 7.00, '2019-10-09 10:39:59', '2019-10-09 10:39:59'),
(241, 51, 1, 15, 7, 1, 7.00, '2019-10-09 10:53:25', '2019-10-09 10:53:25'),
(242, 51, 1, 15, 8, 1, 8.00, '2019-10-09 10:53:25', '2019-10-09 10:53:25'),
(243, 51, 1, 15, 9, 1, 7.00, '2019-10-09 10:53:25', '2019-10-09 10:53:25'),
(244, 51, 1, 15, 10, 1, 7.50, '2019-10-09 10:53:25', '2019-10-09 10:53:25'),
(245, 51, 1, 15, 7, 2, 8.00, '2019-10-09 10:53:41', '2019-10-09 10:53:41'),
(246, 51, 1, 15, 8, 2, 8.00, '2019-10-09 10:53:41', '2019-10-09 10:53:41'),
(247, 51, 1, 15, 9, 2, 8.50, '2019-10-09 10:53:41', '2019-10-09 10:53:41'),
(248, 51, 1, 15, 10, 2, 7.00, '2019-10-09 10:53:41', '2019-10-09 10:53:41'),
(249, 53, 1, 16, 7, 1, 8.00, '2019-10-09 11:01:35', '2019-10-09 11:01:35'),
(250, 53, 1, 16, 8, 1, 8.00, '2019-10-09 11:01:35', '2019-10-09 11:01:35'),
(251, 53, 1, 16, 9, 1, 8.00, '2019-10-09 11:01:35', '2019-10-09 11:01:35'),
(252, 53, 1, 16, 10, 1, 8.00, '2019-10-09 11:01:36', '2019-10-09 11:01:36'),
(253, 53, 1, 16, 7, 2, 7.00, '2019-10-09 11:01:48', '2019-10-09 11:01:48'),
(254, 53, 1, 16, 8, 2, 8.00, '2019-10-09 11:01:48', '2019-10-09 11:01:48'),
(255, 53, 1, 16, 9, 2, 8.00, '2019-10-09 11:01:48', '2019-10-09 11:01:48'),
(256, 53, 1, 16, 10, 2, 8.00, '2019-10-09 11:01:48', '2019-10-09 11:01:48');

-- --------------------------------------------------------

--
-- Table structure for table `reports`
--

CREATE TABLE `reports` (
  `id` bigint(20) UNSIGNED NOT NULL,
  `course_id` bigint(20) UNSIGNED NOT NULL,
  `session_id` bigint(20) UNSIGNED NOT NULL,
  `teacher_id` bigint(20) UNSIGNED NOT NULL,
  `student_id` bigint(20) UNSIGNED NOT NULL,
  `report_no` int(11) NOT NULL,
  `marks` double(8,2) NOT NULL,
  `created_at` timestamp NULL DEFAULT NULL,
  `updated_at` timestamp NULL DEFAULT NULL
) ENGINE=InnoDB DEFAULT CHARSET=utf8mb4 COLLATE=utf8mb4_unicode_ci;

--
-- Dumping data for table `reports`
--

INSERT INTO `reports` (`id`, `course_id`, `session_id`, `teacher_id`, `student_id`, `report_no`, `marks`, `created_at`, `updated_at`) VALUES
(1, 3, 1, 1, 7, 1, 7.00, '2019-08-07 19:46:55', '2019-08-07 19:46:55'),
(2, 3, 1, 1, 8, 1, 8.00, '2019-08-07 19:46:55', '2019-08-07 20:12:08'),
(3, 3, 1, 1, 9, 1, 8.00, '2019-08-07 19:46:55', '2019-08-07 19:46:55'),
(4, 3, 1, 1, 10, 1, 3.50, '2019-08-07 19:46:55', '2019-08-07 19:46:55'),
(5, 3, 1, 1, 7, 2, 5.00, '2019-08-07 19:52:53', '2019-08-07 19:52:53'),
(6, 3, 1, 1, 8, 2, 7.00, '2019-08-07 19:52:53', '2019-08-07 19:52:53'),
(7, 3, 1, 1, 9, 2, 8.50, '2019-08-07 19:52:53', '2019-08-07 19:52:53'),
(8, 3, 1, 1, 10, 2, 4.40, '2019-08-07 19:52:53', '2019-08-07 19:52:53'),
(9, 3, 1, 1, 7, 3, 5.00, '2019-08-07 20:12:59', '2019-08-07 20:12:59'),
(10, 3, 1, 1, 8, 3, 5.00, '2019-08-07 20:12:59', '2019-08-07 20:12:59'),
(11, 3, 1, 1, 9, 3, 5.00, '2019-08-07 20:12:59', '2019-08-07 20:12:59'),
(12, 3, 1, 1, 10, 3, 4.00, '2019-08-07 20:12:59', '2019-08-07 20:12:59'),
(13, 8, 1, 7, 7, 1, 5.00, '2019-10-08 18:48:00', '2019-10-08 18:48:00'),
(14, 8, 1, 7, 8, 1, 6.00, '2019-10-08 18:48:00', '2019-10-08 18:48:00'),
(15, 8, 1, 7, 9, 1, 8.00, '2019-10-08 18:48:00', '2019-10-08 18:48:00'),
(16, 8, 1, 7, 10, 1, 7.00, '2019-10-08 18:48:00', '2019-10-08 18:48:00'),
(17, 8, 1, 7, 7, 2, 7.00, '2019-10-08 18:48:20', '2019-10-08 18:48:20'),
(18, 8, 1, 7, 8, 2, 8.00, '2019-10-08 18:48:21', '2019-10-08 18:48:21'),
(19, 8, 1, 7, 9, 2, 7.00, '2019-10-08 18:48:21', '2019-10-08 18:48:21'),
(20, 8, 1, 7, 10, 2, 4.00, '2019-10-08 18:48:21', '2019-10-08 18:48:21'),
(21, 10, 1, 7, 7, 1, 7.00, '2019-10-08 18:55:51', '2019-10-08 18:55:51'),
(22, 10, 1, 7, 8, 1, 6.00, '2019-10-08 18:55:51', '2019-10-08 18:55:51'),
(23, 10, 1, 7, 9, 1, 10.00, '2019-10-08 18:55:51', '2019-10-08 18:55:51'),
(24, 10, 1, 7, 10, 1, 5.00, '2019-10-08 18:55:51', '2019-10-08 18:55:51'),
(25, 10, 1, 7, 7, 2, 6.00, '2019-10-08 18:56:17', '2019-10-08 18:56:17'),
(26, 10, 1, 7, 8, 2, 6.00, '2019-10-08 18:56:17', '2019-10-08 18:56:17'),
(27, 10, 1, 7, 9, 2, 9.00, '2019-10-08 18:56:18', '2019-10-08 18:56:18'),
(28, 10, 1, 7, 10, 2, 7.00, '2019-10-08 18:56:18', '2019-10-08 18:56:18'),
(29, 17, 1, 7, 7, 1, 7.00, '2019-10-08 19:02:54', '2019-10-08 19:02:54'),
(30, 17, 1, 7, 8, 1, 6.00, '2019-10-08 19:02:54', '2019-10-08 19:02:54'),
(31, 17, 1, 7, 9, 1, 10.00, '2019-10-08 19:02:54', '2019-10-08 19:02:54'),
(32, 17, 1, 7, 10, 1, 7.00, '2019-10-08 19:02:54', '2019-10-08 19:02:54'),
(33, 17, 1, 7, 7, 2, 8.00, '2019-10-08 19:03:10', '2019-10-08 19:03:10'),
(34, 17, 1, 7, 8, 2, 7.00, '2019-10-08 19:03:10', '2019-10-08 19:03:10'),
(35, 17, 1, 7, 9, 2, 9.00, '2019-10-08 19:03:10', '2019-10-08 19:03:10'),
(36, 17, 1, 7, 10, 2, 8.00, '2019-10-08 19:03:10', '2019-10-08 19:03:10'),
(37, 15, 1, 1, 7, 1, 7.00, '2019-10-08 19:17:20', '2019-10-08 19:17:20'),
(38, 15, 1, 1, 8, 1, 6.00, '2019-10-08 19:17:20', '2019-10-08 19:17:20'),
(39, 15, 1, 1, 9, 1, 10.00, '2019-10-08 19:17:20', '2019-10-08 19:17:20'),
(40, 15, 1, 1, 10, 1, 7.00, '2019-10-08 19:17:20', '2019-10-08 19:17:20'),
(41, 15, 1, 1, 7, 2, 8.00, '2019-10-08 19:17:39', '2019-10-08 19:17:39'),
(42, 15, 1, 1, 8, 2, 7.00, '2019-10-08 19:17:39', '2019-10-08 19:17:39'),
(43, 15, 1, 1, 9, 2, 9.00, '2019-10-08 19:17:39', '2019-10-08 19:17:39'),
(44, 15, 1, 1, 10, 2, 6.00, '2019-10-08 19:17:39', '2019-10-08 19:17:39'),
(45, 62, 1, 1, 7, 1, 7.00, '2019-10-08 20:02:39', '2019-10-08 20:02:39'),
(46, 62, 1, 1, 8, 1, 8.00, '2019-10-08 20:02:39', '2019-10-08 20:02:39'),
(47, 62, 1, 1, 9, 1, 9.00, '2019-10-08 20:02:39', '2019-10-08 20:02:39'),
(48, 62, 1, 1, 10, 1, 7.00, '2019-10-08 20:02:39', '2019-10-08 20:02:39'),
(49, 62, 1, 1, 7, 2, 7.00, '2019-10-08 20:04:08', '2019-10-08 20:04:08'),
(50, 62, 1, 1, 8, 2, 8.00, '2019-10-08 20:04:09', '2019-10-08 20:04:09'),
(51, 62, 1, 1, 9, 2, 9.00, '2019-10-08 20:04:09', '2019-10-08 20:04:09'),
(52, 62, 1, 1, 10, 2, 8.00, '2019-10-08 20:04:09', '2019-10-08 20:04:09'),
(53, 68, 1, 1, 7, 1, 8.00, '2019-10-08 20:08:23', '2019-10-08 20:08:23'),
(54, 68, 1, 1, 8, 1, 7.00, '2019-10-08 20:08:23', '2019-10-08 20:08:23'),
(55, 68, 1, 1, 9, 1, 10.00, '2019-10-08 20:08:23', '2019-10-08 20:08:23'),
(56, 68, 1, 1, 10, 1, 9.00, '2019-10-08 20:08:24', '2019-10-08 20:08:24'),
(57, 68, 1, 1, 7, 2, 7.00, '2019-10-08 20:08:55', '2019-10-08 20:08:55'),
(58, 68, 1, 1, 8, 2, 10.00, '2019-10-08 20:08:55', '2019-10-08 20:08:55'),
(59, 68, 1, 1, 9, 2, 10.00, '2019-10-08 20:08:55', '2019-10-08 20:08:55'),
(60, 68, 1, 1, 10, 2, 8.00, '2019-10-08 20:08:55', '2019-10-08 20:08:55'),
(61, 69, 1, 1, 7, 1, 7.00, '2019-10-08 20:13:32', '2019-10-08 20:13:32'),
(62, 69, 1, 1, 8, 1, 8.00, '2019-10-08 20:13:32', '2019-10-08 20:13:32'),
(63, 69, 1, 1, 9, 1, 9.00, '2019-10-08 20:13:32', '2019-10-08 20:13:32'),
(64, 69, 1, 1, 10, 1, 10.00, '2019-10-08 20:13:32', '2019-10-08 20:13:32'),
(65, 69, 1, 1, 7, 2, 7.00, '2019-10-08 20:14:07', '2019-10-08 20:14:07'),
(66, 69, 1, 1, 8, 2, 8.00, '2019-10-08 20:14:07', '2019-10-08 20:14:07'),
(67, 69, 1, 1, 9, 2, 10.00, '2019-10-08 20:14:07', '2019-10-08 20:14:07'),
(68, 69, 1, 1, 10, 2, 8.00, '2019-10-08 20:14:07', '2019-10-08 20:14:07'),
(69, 44, 1, 2, 7, 1, 8.00, '2019-10-08 21:38:59', '2019-10-08 21:38:59'),
(70, 44, 1, 2, 8, 1, 8.00, '2019-10-08 21:39:00', '2019-10-08 21:39:00'),
(71, 44, 1, 2, 9, 1, 9.00, '2019-10-08 21:39:00', '2019-10-08 21:39:00'),
(72, 44, 1, 2, 10, 1, 7.00, '2019-10-08 21:39:00', '2019-10-08 21:39:00'),
(73, 44, 1, 2, 7, 2, 6.00, '2019-10-08 21:39:16', '2019-10-08 21:39:16'),
(74, 44, 1, 2, 8, 2, 6.00, '2019-10-08 21:39:16', '2019-10-08 21:39:16'),
(75, 44, 1, 2, 9, 2, 8.00, '2019-10-08 21:39:16', '2019-10-08 21:39:16'),
(76, 44, 1, 2, 10, 2, 7.00, '2019-10-08 21:39:17', '2019-10-08 21:39:17'),
(77, 34, 1, 2, 7, 1, 7.00, '2019-10-08 21:42:09', '2019-10-08 21:42:09'),
(78, 34, 1, 2, 8, 1, 8.00, '2019-10-08 21:42:09', '2019-10-08 21:42:09'),
(79, 34, 1, 2, 9, 1, 5.00, '2019-10-08 21:42:09', '2019-10-08 21:42:09'),
(80, 34, 1, 2, 10, 1, 6.00, '2019-10-08 21:42:09', '2019-10-08 21:42:09'),
(81, 34, 1, 2, 7, 2, 6.00, '2019-10-08 21:42:30', '2019-10-08 21:42:30'),
(82, 34, 1, 2, 8, 2, 7.00, '2019-10-08 21:42:30', '2019-10-08 21:42:30'),
(83, 34, 1, 2, 9, 2, 10.00, '2019-10-08 21:42:30', '2019-10-08 21:42:30'),
(84, 34, 1, 2, 10, 2, 5.00, '2019-10-08 21:42:30', '2019-10-08 21:42:30'),
(85, 32, 1, 6, 7, 1, 8.00, '2019-10-09 07:14:45', '2019-10-09 07:14:45'),
(86, 32, 1, 6, 8, 1, 7.00, '2019-10-09 07:14:46', '2019-10-09 07:14:46'),
(87, 32, 1, 6, 9, 1, 9.00, '2019-10-09 07:14:46', '2019-10-09 07:14:46'),
(88, 32, 1, 6, 10, 1, 5.00, '2019-10-09 07:14:46', '2019-10-09 07:14:46'),
(89, 32, 1, 6, 7, 2, 7.00, '2019-10-09 07:15:01', '2019-10-09 07:15:01'),
(90, 32, 1, 6, 8, 2, 8.00, '2019-10-09 07:15:01', '2019-10-09 07:15:01'),
(91, 32, 1, 6, 9, 2, 9.00, '2019-10-09 07:15:01', '2019-10-09 07:15:01'),
(92, 32, 1, 6, 10, 2, 7.00, '2019-10-09 07:15:01', '2019-10-09 07:15:01'),
(93, 54, 1, 3, 7, 1, 7.00, '2019-10-09 07:33:39', '2019-10-09 07:33:39'),
(94, 54, 1, 3, 8, 1, 8.00, '2019-10-09 07:33:39', '2019-10-09 07:33:39'),
(95, 54, 1, 3, 9, 1, 9.00, '2019-10-09 07:33:39', '2019-10-09 07:33:39'),
(96, 54, 1, 3, 10, 1, 10.00, '2019-10-09 07:33:39', '2019-10-09 07:33:39'),
(97, 54, 1, 3, 7, 2, 5.00, '2019-10-09 07:33:54', '2019-10-09 07:33:54'),
(98, 54, 1, 3, 8, 2, 7.00, '2019-10-09 07:33:54', '2019-10-09 07:33:54'),
(99, 54, 1, 3, 9, 2, 8.00, '2019-10-09 07:33:55', '2019-10-09 07:33:55'),
(100, 54, 1, 3, 10, 2, 5.00, '2019-10-09 07:33:55', '2019-10-09 07:33:55'),
(101, 50, 1, 8, 7, 1, 8.00, '2019-10-09 07:59:23', '2019-10-09 07:59:23'),
(102, 50, 1, 8, 8, 1, 8.00, '2019-10-09 07:59:23', '2019-10-09 07:59:23'),
(103, 50, 1, 8, 9, 1, 9.00, '2019-10-09 07:59:23', '2019-10-09 07:59:23'),
(104, 50, 1, 8, 10, 1, 7.50, '2019-10-09 07:59:23', '2019-10-09 07:59:23'),
(105, 50, 1, 8, 7, 2, 7.50, '2019-10-09 07:59:42', '2019-10-09 07:59:42'),
(106, 50, 1, 8, 8, 2, 8.50, '2019-10-09 07:59:42', '2019-10-09 07:59:42'),
(107, 50, 1, 8, 9, 2, 9.50, '2019-10-09 07:59:42', '2019-10-09 07:59:42'),
(108, 50, 1, 8, 10, 2, 8.50, '2019-10-09 07:59:42', '2019-10-09 07:59:42'),
(109, 41, 1, 8, 7, 1, 8.00, '2019-10-09 08:07:41', '2019-10-09 08:07:41'),
(110, 41, 1, 8, 8, 1, 8.00, '2019-10-09 08:07:41', '2019-10-09 08:07:41'),
(111, 41, 1, 8, 9, 1, 9.00, '2019-10-09 08:07:41', '2019-10-09 08:07:41'),
(112, 41, 1, 8, 10, 1, 7.00, '2019-10-09 08:07:41', '2019-10-09 08:07:41'),
(113, 41, 1, 8, 7, 2, 9.00, '2019-10-09 08:07:56', '2019-10-09 08:07:56'),
(114, 41, 1, 8, 8, 2, 9.00, '2019-10-09 08:07:56', '2019-10-09 08:07:56'),
(115, 41, 1, 8, 9, 2, 9.50, '2019-10-09 08:07:56', '2019-10-09 08:07:56'),
(116, 41, 1, 8, 10, 2, 8.50, '2019-10-09 08:07:56', '2019-10-09 08:07:56'),
(117, 61, 1, 9, 7, 1, 7.00, '2019-10-09 08:45:51', '2019-10-09 08:45:51'),
(118, 61, 1, 9, 8, 1, 7.00, '2019-10-09 08:45:51', '2019-10-09 08:45:51'),
(119, 61, 1, 9, 9, 1, 7.50, '2019-10-09 08:45:52', '2019-10-09 08:45:52'),
(120, 61, 1, 9, 10, 1, 4.00, '2019-10-09 08:45:52', '2019-10-09 08:45:52'),
(121, 61, 1, 9, 7, 2, 8.00, '2019-10-09 08:46:06', '2019-10-09 08:46:06'),
(122, 61, 1, 9, 8, 2, 8.00, '2019-10-09 08:46:06', '2019-10-09 08:46:06'),
(123, 61, 1, 9, 9, 2, 9.00, '2019-10-09 08:46:06', '2019-10-09 08:46:06'),
(124, 61, 1, 9, 10, 2, 7.00, '2019-10-09 08:46:06', '2019-10-09 08:46:06'),
(125, 42, 1, 9, 7, 1, 8.00, '2019-10-09 08:52:47', '2019-10-09 08:52:47'),
(126, 42, 1, 9, 8, 1, 9.00, '2019-10-09 08:52:47', '2019-10-09 08:52:47'),
(127, 42, 1, 9, 9, 1, 9.00, '2019-10-09 08:52:47', '2019-10-09 08:52:47'),
(128, 42, 1, 9, 10, 1, 9.00, '2019-10-09 08:52:48', '2019-10-09 08:52:48'),
(129, 42, 1, 9, 7, 2, 7.00, '2019-10-09 08:53:02', '2019-10-09 08:53:02'),
(130, 42, 1, 9, 8, 2, 7.00, '2019-10-09 08:53:02', '2019-10-09 08:53:02'),
(131, 42, 1, 9, 9, 2, 8.00, '2019-10-09 08:53:02', '2019-10-09 08:53:02'),
(132, 42, 1, 9, 10, 2, 9.00, '2019-10-09 08:53:02', '2019-10-09 08:53:02'),
(133, 35, 1, 9, 7, 1, 8.00, '2019-10-09 08:59:37', '2019-10-09 08:59:37'),
(134, 35, 1, 9, 8, 1, 9.00, '2019-10-09 08:59:37', '2019-10-09 08:59:37'),
(135, 35, 1, 9, 9, 1, 8.00, '2019-10-09 08:59:37', '2019-10-09 08:59:37'),
(136, 35, 1, 9, 10, 1, 9.00, '2019-10-09 08:59:37', '2019-10-09 08:59:37'),
(137, 35, 1, 9, 7, 2, 7.00, '2019-10-09 08:59:51', '2019-10-09 08:59:51'),
(138, 35, 1, 9, 8, 2, 8.00, '2019-10-09 08:59:51', '2019-10-09 08:59:51'),
(139, 35, 1, 9, 9, 2, 9.00, '2019-10-09 08:59:51', '2019-10-09 08:59:51'),
(140, 35, 1, 9, 10, 2, 7.00, '2019-10-09 08:59:51', '2019-10-09 08:59:51'),
(141, 26, 1, 9, 7, 1, 8.00, '2019-10-09 09:04:58', '2019-10-09 09:04:58'),
(142, 26, 1, 9, 8, 1, 9.00, '2019-10-09 09:04:58', '2019-10-09 09:04:58'),
(143, 26, 1, 9, 9, 1, 7.00, '2019-10-09 09:04:58', '2019-10-09 09:04:58'),
(144, 26, 1, 9, 10, 1, 4.00, '2019-10-09 09:04:58', '2019-10-09 09:04:58'),
(145, 26, 1, 9, 7, 2, 7.00, '2019-10-09 09:05:54', '2019-10-09 09:05:54'),
(146, 26, 1, 9, 8, 2, 8.00, '2019-10-09 09:05:54', '2019-10-09 09:05:54'),
(147, 26, 1, 9, 9, 2, 9.00, '2019-10-09 09:05:54', '2019-10-09 09:05:54'),
(148, 26, 1, 9, 10, 2, 8.00, '2019-10-09 09:05:54', '2019-10-09 09:05:54'),
(149, 52, 1, 10, 7, 1, 7.00, '2019-10-09 09:25:28', '2019-10-09 09:25:28'),
(150, 52, 1, 10, 8, 1, 8.00, '2019-10-09 09:25:29', '2019-10-09 09:25:29'),
(151, 52, 1, 10, 9, 1, 9.00, '2019-10-09 09:25:29', '2019-10-09 09:25:29'),
(152, 52, 1, 10, 10, 1, 5.00, '2019-10-09 09:25:29', '2019-10-09 09:25:29'),
(153, 52, 1, 10, 7, 2, 7.00, '2019-10-09 09:25:40', '2019-10-09 09:25:40'),
(154, 52, 1, 10, 8, 2, 8.00, '2019-10-09 09:25:40', '2019-10-09 09:25:40'),
(155, 52, 1, 10, 9, 2, 9.00, '2019-10-09 09:25:40', '2019-10-09 09:25:40'),
(156, 52, 1, 10, 10, 2, 7.00, '2019-10-09 09:25:40', '2019-10-09 09:25:40'),
(157, 43, 1, 10, 7, 1, 7.00, '2019-10-09 09:30:47', '2019-10-09 09:30:47'),
(158, 43, 1, 10, 8, 1, 8.00, '2019-10-09 09:30:47', '2019-10-09 09:30:47'),
(159, 43, 1, 10, 9, 1, 9.00, '2019-10-09 09:30:47', '2019-10-09 09:30:47'),
(160, 43, 1, 10, 10, 1, 4.00, '2019-10-09 09:30:47', '2019-10-09 09:30:47'),
(161, 43, 1, 10, 7, 2, 7.00, '2019-10-09 09:31:00', '2019-10-09 09:31:00'),
(162, 43, 1, 10, 8, 2, 8.00, '2019-10-09 09:31:00', '2019-10-09 09:31:00'),
(163, 43, 1, 10, 9, 2, 9.00, '2019-10-09 09:31:00', '2019-10-09 09:31:00'),
(164, 43, 1, 10, 10, 2, 7.00, '2019-10-09 09:31:00', '2019-10-09 09:31:00'),
(165, 33, 1, 10, 7, 1, 5.00, '2019-10-09 09:34:44', '2019-10-09 09:34:44'),
(166, 33, 1, 10, 8, 1, 6.00, '2019-10-09 09:34:44', '2019-10-09 09:34:44'),
(167, 33, 1, 10, 9, 1, 5.00, '2019-10-09 09:34:44', '2019-10-09 09:34:44'),
(168, 33, 1, 10, 10, 1, 5.00, '2019-10-09 09:34:44', '2019-10-09 09:34:44'),
(169, 33, 1, 10, 7, 2, 7.00, '2019-10-09 09:34:56', '2019-10-09 09:34:56'),
(170, 33, 1, 10, 8, 2, 5.00, '2019-10-09 09:34:56', '2019-10-09 09:34:56'),
(171, 33, 1, 10, 9, 2, 6.00, '2019-10-09 09:34:56', '2019-10-09 09:34:56'),
(172, 33, 1, 10, 10, 2, 4.00, '2019-10-09 09:34:56', '2019-10-09 09:34:56'),
(173, 24, 1, 10, 7, 1, 7.00, '2019-10-09 09:38:21', '2019-10-09 09:38:21'),
(174, 24, 1, 10, 8, 1, 5.00, '2019-10-09 09:38:21', '2019-10-09 09:38:21'),
(175, 24, 1, 10, 9, 1, 6.00, '2019-10-09 09:38:21', '2019-10-09 09:38:21'),
(176, 24, 1, 10, 10, 1, 4.00, '2019-10-09 09:38:21', '2019-10-09 09:38:21'),
(177, 24, 1, 10, 7, 2, 6.00, '2019-10-09 09:38:33', '2019-10-09 09:38:33'),
(178, 24, 1, 10, 8, 2, 6.00, '2019-10-09 09:38:33', '2019-10-09 09:38:33'),
(179, 24, 1, 10, 9, 2, 7.00, '2019-10-09 09:38:33', '2019-10-09 09:38:33'),
(180, 24, 1, 10, 10, 2, 5.00, '2019-10-09 09:38:33', '2019-10-09 09:38:33'),
(181, 23, 1, 11, 7, 1, 7.00, '2019-10-09 10:10:34', '2019-10-09 10:10:34'),
(182, 23, 1, 11, 8, 1, 8.00, '2019-10-09 10:10:34', '2019-10-09 10:10:34'),
(183, 23, 1, 11, 9, 1, 9.00, '2019-10-09 10:10:34', '2019-10-09 10:10:34'),
(184, 23, 1, 11, 10, 1, 7.00, '2019-10-09 10:10:34', '2019-10-09 10:10:34'),
(185, 23, 1, 11, 7, 2, 9.00, '2019-10-09 10:10:51', '2019-10-09 10:10:51'),
(186, 23, 1, 11, 8, 2, 8.00, '2019-10-09 10:10:51', '2019-10-09 10:10:51'),
(187, 23, 1, 11, 9, 2, 7.00, '2019-10-09 10:10:51', '2019-10-09 10:10:51'),
(188, 23, 1, 11, 10, 2, 8.00, '2019-10-09 10:10:51', '2019-10-09 10:10:51'),
(189, 16, 1, 11, 7, 1, 7.00, '2019-10-09 10:14:11', '2019-10-09 10:14:11'),
(190, 16, 1, 11, 8, 1, 8.00, '2019-10-09 10:14:11', '2019-10-09 10:14:11'),
(191, 16, 1, 11, 9, 1, 7.00, '2019-10-09 10:14:11', '2019-10-09 10:14:11'),
(192, 16, 1, 11, 10, 1, 8.00, '2019-10-09 10:14:11', '2019-10-09 10:14:11'),
(193, 16, 1, 11, 7, 2, 4.00, '2019-10-09 10:14:25', '2019-10-09 10:14:25'),
(194, 16, 1, 11, 8, 2, 5.00, '2019-10-09 10:14:25', '2019-10-09 10:14:25'),
(195, 16, 1, 11, 9, 2, 7.00, '2019-10-09 10:14:25', '2019-10-09 10:14:25'),
(196, 16, 1, 11, 10, 2, 8.00, '2019-10-09 10:14:25', '2019-10-09 10:14:25'),
(197, 60, 1, 13, 7, 1, 7.00, '2019-10-09 10:30:20', '2019-10-09 10:30:20'),
(198, 60, 1, 13, 8, 1, 8.00, '2019-10-09 10:30:20', '2019-10-09 10:30:20'),
(199, 60, 1, 13, 9, 1, 8.00, '2019-10-09 10:30:20', '2019-10-09 10:30:20'),
(200, 60, 1, 13, 10, 1, 8.00, '2019-10-09 10:30:20', '2019-10-09 10:30:20'),
(201, 60, 1, 13, 7, 2, 7.50, '2019-10-09 10:30:43', '2019-10-09 10:30:43'),
(202, 60, 1, 13, 8, 2, 8.00, '2019-10-09 10:30:43', '2019-10-09 10:30:43'),
(203, 60, 1, 13, 9, 2, 8.00, '2019-10-09 10:30:43', '2019-10-09 10:30:43'),
(204, 60, 1, 13, 10, 2, 7.00, '2019-10-09 10:30:43', '2019-10-09 10:30:43'),
(205, 25, 1, 14, 7, 1, 7.00, '2019-10-09 10:38:54', '2019-10-09 10:38:54'),
(206, 25, 1, 14, 8, 1, 8.00, '2019-10-09 10:38:54', '2019-10-09 10:38:54'),
(207, 25, 1, 14, 9, 1, 9.00, '2019-10-09 10:38:54', '2019-10-09 10:38:54'),
(208, 25, 1, 14, 10, 1, 8.00, '2019-10-09 10:38:54', '2019-10-09 10:38:54'),
(209, 25, 1, 14, 7, 2, 7.00, '2019-10-09 10:39:20', '2019-10-09 10:39:20'),
(210, 25, 1, 14, 8, 2, 8.00, '2019-10-09 10:39:20', '2019-10-09 10:39:20'),
(211, 25, 1, 14, 9, 2, 8.50, '2019-10-09 10:39:21', '2019-10-09 10:39:21'),
(212, 25, 1, 14, 10, 2, 8.00, '2019-10-09 10:39:21', '2019-10-09 10:39:21'),
(213, 51, 1, 15, 7, 1, 8.00, '2019-10-09 10:52:57', '2019-10-09 10:52:57'),
(214, 51, 1, 15, 8, 1, 8.00, '2019-10-09 10:52:58', '2019-10-09 10:52:58'),
(215, 51, 1, 15, 9, 1, 8.00, '2019-10-09 10:52:58', '2019-10-09 10:52:58'),
(216, 51, 1, 15, 10, 1, 8.00, '2019-10-09 10:52:58', '2019-10-09 10:52:58'),
(217, 51, 1, 15, 7, 2, 7.00, '2019-10-09 10:53:11', '2019-10-09 10:53:11'),
(218, 51, 1, 15, 8, 2, 8.00, '2019-10-09 10:53:11', '2019-10-09 10:53:11'),
(219, 51, 1, 15, 9, 2, 8.00, '2019-10-09 10:53:11', '2019-10-09 10:53:11'),
(220, 51, 1, 15, 10, 2, 7.00, '2019-10-09 10:53:11', '2019-10-09 10:53:11'),
(221, 53, 1, 16, 7, 1, 6.50, '2019-10-09 11:01:22', '2019-10-09 11:02:54'),
(222, 53, 1, 16, 8, 1, 7.00, '2019-10-09 11:01:22', '2019-10-09 11:02:55'),
(223, 53, 1, 16, 9, 1, 8.00, '2019-10-09 11:01:22', '2019-10-09 11:02:55'),
(224, 53, 1, 16, 10, 1, 8.50, '2019-10-09 11:01:22', '2019-10-09 11:02:55'),
(225, 53, 1, 16, 7, 2, 5.00, '2019-10-09 11:02:10', '2019-10-09 11:02:10'),
(226, 53, 1, 16, 8, 2, 6.00, '2019-10-09 11:02:10', '2019-10-09 11:02:10'),
(227, 53, 1, 16, 9, 2, 7.00, '2019-10-09 11:02:10', '2019-10-09 11:02:10'),
(228, 53, 1, 16, 10, 2, 4.00, '2019-10-09 11:02:10', '2019-10-09 11:02:10');

-- --------------------------------------------------------

--
-- Table structure for table `roles`
--

CREATE TABLE `roles` (
  `id` bigint(20) UNSIGNED NOT NULL,
  `name` varchar(191) COLLATE utf8mb4_unicode_ci NOT NULL,
  `slug` varchar(191) COLLATE utf8mb4_unicode_ci NOT NULL,
  `created_at` timestamp NULL DEFAULT NULL,
  `updated_at` timestamp NULL DEFAULT NULL
) ENGINE=InnoDB DEFAULT CHARSET=utf8mb4 COLLATE=utf8mb4_unicode_ci;

--
-- Dumping data for table `roles`
--

INSERT INTO `roles` (`id`, `name`, `slug`, `created_at`, `updated_at`) VALUES
(1, 'Register', 'register', NULL, NULL),
(2, 'Exam Controller', 'exam-controller', NULL, NULL),
(3, 'Dept Office', 'dept-office', NULL, NULL),
(4, 'Teacher', 'teacher', NULL, NULL),
(5, 'Student', 'student', NULL, NULL);

-- --------------------------------------------------------

--
-- Table structure for table `semesters`
--

CREATE TABLE `semesters` (
  `id` bigint(20) UNSIGNED NOT NULL,
  `name` varchar(191) COLLATE utf8mb4_unicode_ci NOT NULL,
  `code` varchar(191) COLLATE utf8mb4_unicode_ci NOT NULL,
  `created_at` timestamp NULL DEFAULT NULL,
  `updated_at` timestamp NULL DEFAULT NULL
) ENGINE=InnoDB DEFAULT CHARSET=utf8mb4 COLLATE=utf8mb4_unicode_ci;

--
-- Dumping data for table `semesters`
--

INSERT INTO `semesters` (`id`, `name`, `code`, `created_at`, `updated_at`) VALUES
(1, '1st Year 1st Semester', '1-1', NULL, NULL),
(2, '1st Year 2nd Semester', '1-2', NULL, NULL),
(3, '2nd Year 1st Semester', '2-1', NULL, NULL),
(4, '2nd Year 2nd Semester', '2-2', NULL, NULL),
(5, '3rd Year 1st Semester', '3-1', NULL, NULL),
(6, '3rd Year 2nd Semester', '3-2', NULL, NULL),
(7, '4th Year 1st Semester', '4-1', NULL, NULL),
(8, '4th Year 2nd Semester', '4-2', NULL, NULL),
(9, 'Masters 1st Semester', '5-1', NULL, NULL),
(10, 'Masters 2nd Semester', '5-2', NULL, NULL);

-- --------------------------------------------------------

--
-- Table structure for table `sessions`
--

CREATE TABLE `sessions` (
  `id` bigint(20) UNSIGNED NOT NULL,
  `name` varchar(191) COLLATE utf8mb4_unicode_ci NOT NULL,
  `created_at` timestamp NULL DEFAULT NULL,
  `updated_at` timestamp NULL DEFAULT NULL
) ENGINE=InnoDB DEFAULT CHARSET=utf8mb4 COLLATE=utf8mb4_unicode_ci;

--
-- Dumping data for table `sessions`
--

INSERT INTO `sessions` (`id`, `name`, `created_at`, `updated_at`) VALUES
(1, '2014-15', '2019-07-26 15:02:44', '2019-07-26 15:02:44'),
(2, '2015-16', '2019-07-26 15:02:59', '2019-07-26 15:05:05'),
(3, '2016-17', '2019-07-30 16:50:49', '2019-07-30 16:50:49'),
(4, '2017-18', '2019-07-30 16:51:02', '2019-07-30 16:51:02'),
(5, '2018-19', '2019-07-30 16:51:16', '2019-07-30 16:51:16');

-- --------------------------------------------------------

--
-- Table structure for table `students`
--

CREATE TABLE `students` (
  `id` bigint(20) UNSIGNED NOT NULL,
  `name` varchar(191) COLLATE utf8mb4_unicode_ci NOT NULL,
  `class_roll` int(11) NOT NULL,
  `session` varchar(191) COLLATE utf8mb4_unicode_ci NOT NULL,
  `dept_id` bigint(20) UNSIGNED NOT NULL,
  `reg_no` bigint(20) NOT NULL,
  `exam_roll` bigint(20) NOT NULL,
  `hall` varchar(191) COLLATE utf8mb4_unicode_ci NOT NULL,
  `father_name` varchar(191) COLLATE utf8mb4_unicode_ci NOT NULL,
  `mother_name` varchar(191) COLLATE utf8mb4_unicode_ci NOT NULL,
  `image` varchar(191) COLLATE utf8mb4_unicode_ci DEFAULT NULL,
  `created_at` timestamp NULL DEFAULT NULL,
  `updated_at` timestamp NULL DEFAULT NULL
) ENGINE=InnoDB DEFAULT CHARSET=utf8mb4 COLLATE=utf8mb4_unicode_ci;

--
-- Dumping data for table `students`
--

INSERT INTO `students` (`id`, `name`, `class_roll`, `session`, `dept_id`, `reg_no`, `exam_roll`, `hall`, `father_name`, `mother_name`, `image`, `created_at`, `updated_at`) VALUES
(7, 'Md. Kawsar Ahmed', 1696, '2014-15', 1, 41134, 152396, 'Bishwakabi Rabindranath Tagore Hall', 'Mr. M', 'Mst.N', NULL, '2019-08-03 18:58:33', '2019-08-03 18:58:33'),
(8, 'Maruf Hosen', 1704, '2014-15', 1, 41144, 152419, 'Bishwakabi Rabindranath Tagore Hall', 'Mr. X', 'Mst. Y', NULL, '2019-08-03 18:58:33', '2019-08-03 18:58:33'),
(9, 'Md. Obydullah Sarder', 1708, '2014-15', 1, 41148, 152423, 'Bishwakabi Rabindranath Tagore Hall', 'Md. Amdadul Hoque Sarder', 'Mst. Nurnahar Begum', NULL, '2019-08-03 18:58:33', '2019-08-03 18:58:33'),
(10, 'S. M. Parvez Jewel', 2106, '2014-15', 1, 41428, 152450, 'Bishwakabi Rabindranath Tagore Hall', 'S. M Osman Goni', 'Ayesha Akter', NULL, '2019-08-03 18:58:34', '2019-08-03 18:58:34');

-- --------------------------------------------------------

--
-- Table structure for table `teachers`
--

CREATE TABLE `teachers` (
  `id` bigint(20) UNSIGNED NOT NULL,
  `name` varchar(191) COLLATE utf8mb4_unicode_ci NOT NULL,
  `dept_id` bigint(20) UNSIGNED NOT NULL,
  `designation_id` bigint(20) UNSIGNED NOT NULL,
  `image` varchar(191) COLLATE utf8mb4_unicode_ci DEFAULT NULL,
  `about` text COLLATE utf8mb4_unicode_ci,
  `research` varchar(191) COLLATE utf8mb4_unicode_ci DEFAULT NULL,
  `created_at` timestamp NULL DEFAULT NULL,
  `updated_at` timestamp NULL DEFAULT NULL
) ENGINE=InnoDB DEFAULT CHARSET=utf8mb4 COLLATE=utf8mb4_unicode_ci;

--
-- Dumping data for table `teachers`
--

INSERT INTO `teachers` (`id`, `name`, `dept_id`, `designation_id`, `image`, `about`, `research`, `created_at`, `updated_at`) VALUES
(1, 'Jesmin Akter', 1, 2, 'jesmin-akter-2019-07-27-5d3c2435a21d0.jpg', NULL, 'Wireless Communications', '2019-07-27 04:15:17', '2019-07-29 18:11:24'),
(2, 'Dr. M. Mesbahuddin Sarker', 1, 1, 'dr-m-mesbahuddin-sarker-2019-07-27-5d3c281956222.jpg', NULL, 'E-Voting, E-Democracy, E-Government, Media and Communication', '2019-07-27 04:31:53', '2019-07-27 04:31:53'),
(3, 'Md. Fazlul Karim Patwary', 1, 1, 'md-fazlul-karim-patwary-2019-07-27-5d3c2a85ce5ff.jpg', NULL, 'Database, Web Technology, Statistical Analysis', '2019-07-27 04:42:13', '2019-07-27 04:42:13'),
(4, 'Dr. Syed Sabbir Ahmed', 2, 1, 'dr-syed-sabbir-ahmed-2019-07-27-5d3c2af037003.jpg', NULL, 'Operations Research', '2019-07-27 04:44:00', '2019-07-27 04:44:00'),
(5, 'Dr. Laek Sazzad Andallah', 2, 1, 'dr-laek-sazzad-andallah-2019-07-27-5d3c2b33645a7.jpg', NULL, 'The Boltzmann Equation, Numerical Methods of Fluid Dynami', '2019-07-27 04:45:07', '2019-07-27 04:45:07'),
(6, 'K M Akkas Ali', 1, 2, 'k-m-akkas-ali-2019-10-08-5d9b85179eb24.jpg', NULL, 'Authentication, Cryptography, Steganography, Network Securit', '2019-10-07 18:34:00', '2019-10-07 18:34:00'),
(7, 'Dr M Shamim Kaiser', 1, 2, 'dr-m-shamim-kaiser-2019-10-08-5d9b855449598.png', NULL, 'Data analytics, Machine Learning, Wireless Network & Sign', '2019-10-07 18:35:00', '2019-10-07 18:35:00'),
(8, 'Fahima Tabassum', 1, 2, 'fahima-tabassum-2019-10-08-5d9b85831615e.jpg', NULL, 'Image Processing, Telecommunication', '2019-10-07 18:35:47', '2019-10-07 18:35:47'),
(9, 'Dr. Risala Tasin Khan', 1, 2, 'dr-risala-tasin-khan-2019-10-08-5d9b85c373ab6.png', NULL, 'Wireless Communication System, Machine Learning', '2019-10-07 18:36:51', '2019-10-07 18:36:51'),
(10, 'Dr. Md Whaiduzzaman', 1, 2, 'dr-md-whaiduzzaman-2019-10-08-5d9b85ef5d986.jpg', NULL, 'Mobile Cloud Computing & Big Data', '2019-10-07 18:37:35', '2019-10-07 18:37:35'),
(11, 'Dr. Mohammad Abu Yousuf', 1, 2, 'dr-mohammad-abu-yousuf-2019-10-08-5d9b8625b939c.jpg', NULL, 'Computer Vision, Human-Robot Interaction, Medical Image proc', '2019-10-07 18:38:29', '2019-10-07 18:38:29'),
(12, 'Dr. Shamim Al Mamun', 1, 2, 'dr-shamim-al-mamun-2019-10-08-5d9b8659c847e.jpg', NULL, 'Robotics, Human Computer Interaction, Machine Learning', '2019-10-07 18:39:21', '2019-10-07 18:39:21'),
(13, 'Dr. Mohammad Shahidul Islam', 1, 3, 'dr-mohammad-shahidul-islam-2019-10-08-5d9b86b3433cf.jpg', NULL, 'Pattern Recognition', '2019-10-07 18:40:51', '2019-10-07 18:40:51'),
(14, 'Zamshed Iqbal Chowdhury', 1, 4, 'zamshed-iqbal-chowdhury-2019-10-08-5d9b86f18e1f7.jpg', NULL, 'Embedded Systems, Reconfigurable Computing', '2019-10-07 18:41:53', '2019-10-07 18:41:53'),
(15, 'Dr. Md. Sazzadur Rahman', 1, 3, 'dr-md-sazzadur-rahman-2019-10-08-5d9b8739cd245.jpg', NULL, 'Material Science in computer application, Communication Engi', '2019-10-07 18:43:05', '2019-10-07 18:43:05'),
(16, 'Dr. Rashed Mazumder', 1, 3, 'dr-rashed-mazumder-2019-10-08-5d9b875d8c29d.jpg', NULL, 'Information Science (Information Security and Cryptography)', '2019-10-07 18:43:41', '2019-10-07 18:43:41');

-- --------------------------------------------------------

--
-- Table structure for table `tutorials`
--

CREATE TABLE `tutorials` (
  `id` bigint(20) UNSIGNED NOT NULL,
  `course_id` bigint(20) UNSIGNED NOT NULL,
  `session_id` bigint(20) UNSIGNED NOT NULL,
  `teacher_id` bigint(20) UNSIGNED NOT NULL,
  `student_id` bigint(20) UNSIGNED NOT NULL,
  `tutorial_no` int(11) NOT NULL,
  `marks` double(8,2) NOT NULL,
  `created_at` timestamp NULL DEFAULT NULL,
  `updated_at` timestamp NULL DEFAULT NULL
) ENGINE=InnoDB DEFAULT CHARSET=utf8mb4 COLLATE=utf8mb4_unicode_ci;

--
-- Dumping data for table `tutorials`
--

INSERT INTO `tutorials` (`id`, `course_id`, `session_id`, `teacher_id`, `student_id`, `tutorial_no`, `marks`, `created_at`, `updated_at`) VALUES
(1, 4, 1, 1, 7, 1, 10.00, '2019-08-03 20:40:35', '2019-08-04 14:15:58'),
(2, 4, 1, 1, 8, 1, 12.00, '2019-08-03 20:40:35', '2019-08-04 14:15:58'),
(3, 4, 1, 1, 9, 1, 13.00, '2019-08-03 20:40:35', '2019-08-04 14:15:58'),
(4, 4, 1, 1, 10, 1, 12.00, '2019-08-03 20:40:35', '2019-08-04 14:15:58'),
(5, 4, 1, 1, 7, 2, 18.00, '2019-08-04 06:30:27', '2019-08-04 06:30:27'),
(6, 4, 1, 1, 8, 2, 18.00, '2019-08-04 06:30:27', '2019-08-04 06:30:27'),
(7, 4, 1, 1, 9, 2, 17.50, '2019-08-04 06:30:27', '2019-08-04 06:30:27'),
(8, 4, 1, 1, 10, 2, 17.75, '2019-08-04 06:30:27', '2019-08-04 06:30:27'),
(9, 4, 1, 1, 7, 3, 16.00, '2019-08-04 06:43:56', '2019-08-04 06:43:56'),
(10, 4, 1, 1, 8, 3, 15.00, '2019-08-04 06:43:56', '2019-08-04 06:43:56'),
(11, 4, 1, 1, 9, 3, 16.50, '2019-08-04 06:43:56', '2019-08-04 06:43:56'),
(12, 4, 1, 1, 10, 3, 16.00, '2019-08-04 06:43:56', '2019-08-04 06:43:56'),
(13, 4, 1, 1, 7, 4, 12.00, '2019-08-04 17:49:22', '2019-08-04 17:49:22'),
(14, 4, 1, 1, 8, 4, 12.00, '2019-08-04 17:49:23', '2019-08-04 17:49:23'),
(15, 4, 1, 1, 9, 4, 14.00, '2019-08-04 17:49:23', '2019-08-04 17:49:23'),
(16, 4, 1, 1, 10, 4, 13.00, '2019-08-04 17:49:23', '2019-08-04 17:49:23'),
(17, 3, 1, 1, 7, 1, 6.00, '2019-08-04 17:54:54', '2019-08-04 17:54:54'),
(18, 3, 1, 1, 8, 1, 10.00, '2019-08-04 17:54:54', '2019-08-04 17:54:54'),
(19, 3, 1, 1, 9, 1, 17.00, '2019-08-04 17:54:54', '2019-08-04 17:54:54'),
(20, 3, 1, 1, 10, 1, 13.00, '2019-08-04 17:54:54', '2019-08-04 17:54:54'),
(21, 3, 1, 1, 7, 2, 3.00, '2019-08-04 19:01:23', '2019-08-04 19:01:23'),
(22, 3, 1, 1, 8, 2, 12.00, '2019-08-04 19:01:23', '2019-08-04 19:02:22'),
(23, 3, 1, 1, 9, 2, 17.00, '2019-08-04 19:01:23', '2019-08-04 19:01:23'),
(24, 3, 1, 1, 10, 2, 15.00, '2019-08-04 19:01:23', '2019-08-04 19:02:22'),
(25, 2, 1, 1, 7, 1, 18.00, '2019-10-08 16:00:25', '2019-10-08 16:03:13'),
(26, 2, 1, 1, 8, 1, 16.00, '2019-10-08 16:00:25', '2019-10-08 16:03:13'),
(27, 2, 1, 1, 9, 1, 19.00, '2019-10-08 16:00:25', '2019-10-08 16:03:13'),
(28, 2, 1, 1, 10, 1, 17.00, '2019-10-08 16:00:25', '2019-10-08 16:03:13'),
(29, 2, 1, 1, 7, 2, 17.00, '2019-10-08 16:00:54', '2019-10-08 16:03:53'),
(30, 2, 1, 1, 8, 2, 10.00, '2019-10-08 16:00:54', '2019-10-08 16:03:53'),
(31, 2, 1, 1, 9, 2, 18.00, '2019-10-08 16:00:54', '2019-10-08 16:03:53'),
(32, 2, 1, 1, 10, 2, 17.00, '2019-10-08 16:00:54', '2019-10-08 16:03:53'),
(33, 15, 1, 1, 7, 1, 17.00, '2019-10-08 16:17:59', '2019-10-08 16:17:59'),
(34, 15, 1, 1, 8, 1, 18.00, '2019-10-08 16:17:59', '2019-10-08 16:17:59'),
(35, 15, 1, 1, 9, 1, 17.00, '2019-10-08 16:17:59', '2019-10-08 16:17:59'),
(36, 15, 1, 1, 10, 1, 13.00, '2019-10-08 16:17:59', '2019-10-08 16:17:59'),
(37, 6, 1, 7, 7, 1, 18.00, '2019-10-08 18:40:59', '2019-10-08 18:40:59'),
(38, 6, 1, 7, 8, 1, 17.00, '2019-10-08 18:40:59', '2019-10-08 18:40:59'),
(39, 6, 1, 7, 9, 1, 19.00, '2019-10-08 18:40:59', '2019-10-08 18:40:59'),
(40, 6, 1, 7, 10, 1, 14.00, '2019-10-08 18:40:59', '2019-10-08 18:40:59'),
(41, 6, 1, 7, 7, 2, 14.00, '2019-10-08 18:41:23', '2019-10-08 18:41:23'),
(42, 6, 1, 7, 8, 2, 16.00, '2019-10-08 18:41:23', '2019-10-08 18:41:23'),
(43, 6, 1, 7, 9, 2, 17.00, '2019-10-08 18:41:24', '2019-10-08 18:41:24'),
(44, 6, 1, 7, 10, 2, 13.00, '2019-10-08 18:41:24', '2019-10-08 18:41:24'),
(45, 8, 1, 7, 7, 1, 17.00, '2019-10-08 18:44:47', '2019-10-08 18:44:47'),
(46, 8, 1, 7, 8, 1, 16.00, '2019-10-08 18:44:47', '2019-10-08 18:44:47'),
(47, 8, 1, 7, 9, 1, 18.00, '2019-10-08 18:44:47', '2019-10-08 18:44:47'),
(48, 8, 1, 7, 10, 1, 19.00, '2019-10-08 18:44:47', '2019-10-08 18:44:47'),
(49, 8, 1, 7, 7, 2, 12.00, '2019-10-08 18:45:07', '2019-10-08 18:45:07'),
(50, 8, 1, 7, 8, 2, 13.00, '2019-10-08 18:45:07', '2019-10-08 18:45:07'),
(51, 8, 1, 7, 9, 2, 15.00, '2019-10-08 18:45:07', '2019-10-08 18:45:07'),
(52, 8, 1, 7, 10, 2, 14.00, '2019-10-08 18:45:08', '2019-10-08 18:45:08'),
(53, 10, 1, 7, 7, 1, 17.00, '2019-10-08 18:52:03', '2019-10-08 18:52:03'),
(54, 10, 1, 7, 8, 1, 15.00, '2019-10-08 18:52:03', '2019-10-08 18:52:03'),
(55, 10, 1, 7, 9, 1, 19.00, '2019-10-08 18:52:03', '2019-10-08 18:52:03'),
(56, 10, 1, 7, 10, 1, 17.00, '2019-10-08 18:52:03', '2019-10-08 18:52:03'),
(57, 10, 1, 7, 7, 2, 15.00, '2019-10-08 18:52:21', '2019-10-08 18:52:21'),
(58, 10, 1, 7, 8, 2, 14.00, '2019-10-08 18:52:21', '2019-10-08 18:52:21'),
(59, 10, 1, 7, 9, 2, 17.00, '2019-10-08 18:52:21', '2019-10-08 18:52:21'),
(60, 10, 1, 7, 10, 2, 13.00, '2019-10-08 18:52:21', '2019-10-08 18:52:21'),
(61, 17, 1, 7, 7, 1, 14.00, '2019-10-08 19:00:06', '2019-10-08 19:00:06'),
(62, 17, 1, 7, 8, 1, 15.00, '2019-10-08 19:00:06', '2019-10-08 19:00:06'),
(63, 17, 1, 7, 9, 1, 17.00, '2019-10-08 19:00:06', '2019-10-08 19:00:06'),
(64, 17, 1, 7, 10, 1, 18.00, '2019-10-08 19:00:06', '2019-10-08 19:00:06'),
(65, 17, 1, 7, 7, 2, 18.00, '2019-10-08 19:00:24', '2019-10-08 19:00:24'),
(66, 17, 1, 7, 8, 2, 14.00, '2019-10-08 19:00:24', '2019-10-08 19:00:24'),
(67, 17, 1, 7, 9, 2, 16.00, '2019-10-08 19:00:24', '2019-10-08 19:00:24'),
(68, 17, 1, 7, 10, 2, 15.00, '2019-10-08 19:00:24', '2019-10-08 19:00:24'),
(69, 64, 1, 7, 7, 1, 17.00, '2019-10-08 19:05:59', '2019-10-08 19:05:59'),
(70, 64, 1, 7, 8, 1, 19.00, '2019-10-08 19:05:59', '2019-10-08 19:05:59'),
(71, 64, 1, 7, 9, 1, 15.00, '2019-10-08 19:05:59', '2019-10-08 19:05:59'),
(72, 64, 1, 7, 10, 1, 16.00, '2019-10-08 19:05:59', '2019-10-08 19:05:59'),
(73, 64, 1, 7, 7, 2, 15.00, '2019-10-08 19:06:16', '2019-10-08 19:06:16'),
(74, 64, 1, 7, 8, 2, 17.00, '2019-10-08 19:06:16', '2019-10-08 19:06:16'),
(75, 64, 1, 7, 9, 2, 18.00, '2019-10-08 19:06:16', '2019-10-08 19:06:16'),
(76, 64, 1, 7, 10, 2, 14.00, '2019-10-08 19:06:16', '2019-10-08 19:06:16'),
(77, 64, 1, 7, 7, 3, 18.00, '2019-10-08 19:06:30', '2019-10-08 19:06:30'),
(78, 64, 1, 7, 8, 3, 15.00, '2019-10-08 19:06:30', '2019-10-08 19:06:30'),
(79, 64, 1, 7, 9, 3, 16.00, '2019-10-08 19:06:30', '2019-10-08 19:06:30'),
(80, 64, 1, 7, 10, 3, 17.00, '2019-10-08 19:06:30', '2019-10-08 19:06:30'),
(81, 15, 1, 1, 7, 2, 17.00, '2019-10-08 19:16:17', '2019-10-08 19:16:17'),
(82, 15, 1, 1, 8, 2, 15.00, '2019-10-08 19:16:17', '2019-10-08 19:16:17'),
(83, 15, 1, 1, 9, 2, 16.00, '2019-10-08 19:16:17', '2019-10-08 19:16:17'),
(84, 15, 1, 1, 10, 2, 14.00, '2019-10-08 19:16:17', '2019-10-08 19:16:17'),
(85, 62, 1, 1, 7, 1, 17.00, '2019-10-08 20:00:19', '2019-10-08 20:00:19'),
(86, 62, 1, 1, 8, 1, 15.00, '2019-10-08 20:00:19', '2019-10-08 20:00:19'),
(87, 62, 1, 1, 9, 1, 16.00, '2019-10-08 20:00:19', '2019-10-08 20:00:19'),
(88, 62, 1, 1, 10, 1, 14.00, '2019-10-08 20:00:19', '2019-10-08 20:00:19'),
(89, 62, 1, 1, 7, 2, 14.00, '2019-10-08 20:00:36', '2019-10-08 20:00:36'),
(90, 62, 1, 1, 8, 2, 15.00, '2019-10-08 20:00:36', '2019-10-08 20:00:36'),
(91, 62, 1, 1, 9, 2, 19.00, '2019-10-08 20:00:36', '2019-10-08 20:00:36'),
(92, 62, 1, 1, 10, 2, 14.00, '2019-10-08 20:00:36', '2019-10-08 20:00:36'),
(93, 68, 1, 1, 7, 1, 17.00, '2019-10-08 20:06:54', '2019-10-08 20:06:54'),
(94, 68, 1, 1, 8, 1, 15.00, '2019-10-08 20:06:54', '2019-10-08 20:06:54'),
(95, 68, 1, 1, 9, 1, 19.00, '2019-10-08 20:06:54', '2019-10-08 20:06:54'),
(96, 68, 1, 1, 10, 1, 14.00, '2019-10-08 20:06:54', '2019-10-08 20:06:54'),
(97, 68, 1, 1, 7, 2, 17.00, '2019-10-08 20:07:10', '2019-10-08 20:07:10'),
(98, 68, 1, 1, 8, 2, 15.00, '2019-10-08 20:07:11', '2019-10-08 20:07:11'),
(99, 68, 1, 1, 9, 2, 18.00, '2019-10-08 20:07:11', '2019-10-08 20:07:11'),
(100, 68, 1, 1, 10, 2, 19.00, '2019-10-08 20:07:11', '2019-10-08 20:07:11'),
(101, 69, 1, 1, 7, 1, 18.00, '2019-10-08 20:12:11', '2019-10-08 20:12:11'),
(102, 69, 1, 1, 8, 1, 17.00, '2019-10-08 20:12:11', '2019-10-08 20:12:11'),
(103, 69, 1, 1, 9, 1, 19.00, '2019-10-08 20:12:11', '2019-10-08 20:12:11'),
(104, 69, 1, 1, 10, 1, 18.00, '2019-10-08 20:12:11', '2019-10-08 20:12:11'),
(105, 69, 1, 1, 7, 2, 17.00, '2019-10-08 20:12:25', '2019-10-08 20:12:25'),
(106, 69, 1, 1, 8, 2, 19.00, '2019-10-08 20:12:25', '2019-10-08 20:12:25'),
(107, 69, 1, 1, 9, 2, 18.00, '2019-10-08 20:12:25', '2019-10-08 20:12:25'),
(108, 69, 1, 1, 10, 2, 17.00, '2019-10-08 20:12:25', '2019-10-08 20:12:25'),
(109, 66, 1, 2, 7, 1, 18.00, '2019-10-08 20:59:39', '2019-10-08 20:59:39'),
(110, 66, 1, 2, 8, 1, 14.00, '2019-10-08 20:59:39', '2019-10-08 20:59:39'),
(111, 66, 1, 2, 9, 1, 18.00, '2019-10-08 20:59:39', '2019-10-08 20:59:39'),
(112, 66, 1, 2, 10, 1, 18.00, '2019-10-08 20:59:39', '2019-10-08 20:59:39'),
(113, 66, 1, 2, 7, 2, 15.00, '2019-10-08 20:59:57', '2019-10-08 20:59:57'),
(114, 66, 1, 2, 8, 2, 15.00, '2019-10-08 20:59:57', '2019-10-08 20:59:57'),
(115, 66, 1, 2, 9, 2, 16.00, '2019-10-08 20:59:57', '2019-10-08 20:59:57'),
(116, 66, 1, 2, 10, 2, 14.00, '2019-10-08 20:59:57', '2019-10-08 20:59:57'),
(117, 44, 1, 2, 7, 1, 18.00, '2019-10-08 21:35:51', '2019-10-08 21:35:51'),
(118, 44, 1, 2, 8, 1, 14.00, '2019-10-08 21:35:51', '2019-10-08 21:35:51'),
(119, 44, 1, 2, 9, 1, 16.00, '2019-10-08 21:35:51', '2019-10-08 21:35:51'),
(120, 44, 1, 2, 10, 1, 17.00, '2019-10-08 21:35:51', '2019-10-08 21:35:51'),
(121, 44, 1, 2, 7, 2, 15.00, '2019-10-08 21:36:06', '2019-10-08 21:36:06'),
(122, 44, 1, 2, 8, 2, 14.00, '2019-10-08 21:36:06', '2019-10-08 21:36:06'),
(123, 44, 1, 2, 9, 2, 19.00, '2019-10-08 21:36:06', '2019-10-08 21:36:06'),
(124, 44, 1, 2, 10, 2, 15.00, '2019-10-08 21:36:06', '2019-10-08 21:36:06'),
(125, 34, 1, 2, 7, 1, 18.00, '2019-10-08 21:41:08', '2019-10-08 21:41:08'),
(126, 34, 1, 2, 8, 1, 17.00, '2019-10-08 21:41:08', '2019-10-08 21:41:08'),
(127, 34, 1, 2, 9, 1, 19.00, '2019-10-08 21:41:08', '2019-10-08 21:41:08'),
(128, 34, 1, 2, 10, 1, 16.00, '2019-10-08 21:41:08', '2019-10-08 21:41:08'),
(129, 34, 1, 2, 7, 2, 15.00, '2019-10-08 21:41:22', '2019-10-08 21:41:22'),
(130, 34, 1, 2, 8, 2, 14.00, '2019-10-08 21:41:22', '2019-10-08 21:41:22'),
(131, 34, 1, 2, 9, 2, 18.00, '2019-10-08 21:41:22', '2019-10-08 21:41:22'),
(132, 34, 1, 2, 10, 2, 13.00, '2019-10-08 21:41:22', '2019-10-08 21:41:22'),
(133, 31, 1, 2, 7, 1, 18.00, '2019-10-08 21:43:43', '2019-10-08 21:43:43'),
(134, 31, 1, 2, 8, 1, 14.00, '2019-10-08 21:43:43', '2019-10-08 21:43:43'),
(135, 31, 1, 2, 9, 1, 19.00, '2019-10-08 21:43:43', '2019-10-08 21:43:43'),
(136, 31, 1, 2, 10, 1, 14.00, '2019-10-08 21:43:43', '2019-10-08 21:43:43'),
(137, 31, 1, 2, 7, 2, 15.00, '2019-10-08 21:43:58', '2019-10-08 21:43:58'),
(138, 31, 1, 2, 8, 2, 14.00, '2019-10-08 21:43:58', '2019-10-08 21:43:58'),
(139, 31, 1, 2, 9, 2, 18.00, '2019-10-08 21:43:59', '2019-10-08 21:43:59'),
(140, 31, 1, 2, 10, 2, 17.00, '2019-10-08 21:43:59', '2019-10-08 21:43:59'),
(141, 30, 1, 2, 7, 1, 16.00, '2019-10-08 21:45:57', '2019-10-08 21:45:57'),
(142, 30, 1, 2, 8, 1, 15.00, '2019-10-08 21:45:58', '2019-10-08 21:45:58'),
(143, 30, 1, 2, 9, 1, 17.00, '2019-10-08 21:45:58', '2019-10-08 21:45:58'),
(144, 30, 1, 2, 10, 1, 15.00, '2019-10-08 21:45:58', '2019-10-08 21:45:58'),
(145, 30, 1, 2, 7, 2, 13.00, '2019-10-08 21:46:16', '2019-10-08 21:46:16'),
(146, 30, 1, 2, 8, 2, 15.00, '2019-10-08 21:46:16', '2019-10-08 21:46:16'),
(147, 30, 1, 2, 9, 2, 17.00, '2019-10-08 21:46:16', '2019-10-08 21:46:16'),
(148, 30, 1, 2, 10, 2, 14.00, '2019-10-08 21:46:16', '2019-10-08 21:46:16'),
(149, 21, 1, 2, 7, 1, 17.00, '2019-10-08 21:47:59', '2019-10-08 21:47:59'),
(150, 21, 1, 2, 8, 1, 18.00, '2019-10-08 21:47:59', '2019-10-08 21:47:59'),
(151, 21, 1, 2, 9, 1, 19.00, '2019-10-08 21:47:59', '2019-10-08 21:47:59'),
(152, 21, 1, 2, 10, 1, 15.00, '2019-10-08 21:47:59', '2019-10-08 21:47:59'),
(153, 21, 1, 2, 7, 2, 14.00, '2019-10-08 21:48:17', '2019-10-08 21:48:17'),
(154, 21, 1, 2, 8, 2, 15.00, '2019-10-08 21:48:17', '2019-10-08 21:48:17'),
(155, 21, 1, 2, 9, 2, 18.00, '2019-10-08 21:48:17', '2019-10-08 21:48:17'),
(156, 21, 1, 2, 10, 2, 14.00, '2019-10-08 21:48:17', '2019-10-08 21:48:17'),
(157, 12, 1, 2, 7, 1, 15.00, '2019-10-08 21:49:24', '2019-10-08 21:49:24'),
(158, 12, 1, 2, 8, 1, 15.00, '2019-10-08 21:49:24', '2019-10-08 21:49:24'),
(159, 12, 1, 2, 9, 1, 14.00, '2019-10-08 21:49:24', '2019-10-08 21:49:24'),
(160, 12, 1, 2, 10, 1, 16.00, '2019-10-08 21:49:24', '2019-10-08 21:49:24'),
(161, 12, 1, 2, 7, 2, 14.00, '2019-10-08 21:49:41', '2019-10-08 21:49:41'),
(162, 12, 1, 2, 8, 2, 15.00, '2019-10-08 21:49:41', '2019-10-08 21:49:41'),
(163, 12, 1, 2, 9, 2, 16.00, '2019-10-08 21:49:41', '2019-10-08 21:49:41'),
(164, 12, 1, 2, 10, 2, 12.00, '2019-10-08 21:49:41', '2019-10-08 21:49:41'),
(165, 7, 1, 2, 7, 1, 16.00, '2019-10-08 21:50:52', '2019-10-08 21:50:52'),
(166, 7, 1, 2, 8, 1, 14.00, '2019-10-08 21:50:52', '2019-10-08 21:50:52'),
(167, 7, 1, 2, 9, 1, 18.00, '2019-10-08 21:50:52', '2019-10-08 21:50:52'),
(168, 7, 1, 2, 10, 1, 17.00, '2019-10-08 21:50:52', '2019-10-08 21:50:52'),
(169, 7, 1, 2, 7, 2, 17.00, '2019-10-08 21:51:11', '2019-10-08 21:51:11'),
(170, 7, 1, 2, 8, 2, 18.00, '2019-10-08 21:51:11', '2019-10-08 21:51:11'),
(171, 7, 1, 2, 9, 2, 19.00, '2019-10-08 21:51:11', '2019-10-08 21:51:11'),
(172, 7, 1, 2, 10, 2, 17.00, '2019-10-08 21:51:11', '2019-10-08 21:51:11'),
(173, 67, 1, 6, 7, 1, 17.00, '2019-10-09 07:06:01', '2019-10-09 07:06:01'),
(174, 67, 1, 6, 8, 1, 16.00, '2019-10-09 07:06:01', '2019-10-09 07:06:01'),
(175, 67, 1, 6, 9, 1, 19.00, '2019-10-09 07:06:01', '2019-10-09 07:06:01'),
(176, 67, 1, 6, 10, 1, 18.00, '2019-10-09 07:06:01', '2019-10-09 07:06:01'),
(177, 67, 1, 6, 7, 2, 15.00, '2019-10-09 07:06:14', '2019-10-09 07:06:14'),
(178, 67, 1, 6, 8, 2, 14.00, '2019-10-09 07:06:14', '2019-10-09 07:06:14'),
(179, 67, 1, 6, 9, 2, 18.00, '2019-10-09 07:06:14', '2019-10-09 07:06:14'),
(180, 67, 1, 6, 10, 2, 14.00, '2019-10-09 07:06:14', '2019-10-09 07:06:14'),
(181, 57, 1, 6, 7, 1, 17.00, '2019-10-09 07:08:25', '2019-10-09 07:08:25'),
(182, 57, 1, 6, 8, 1, 15.00, '2019-10-09 07:08:25', '2019-10-09 07:08:25'),
(183, 57, 1, 6, 9, 1, 18.00, '2019-10-09 07:08:26', '2019-10-09 07:08:26'),
(184, 57, 1, 6, 10, 1, 14.00, '2019-10-09 07:08:26', '2019-10-09 07:08:26'),
(185, 57, 1, 6, 7, 2, 12.00, '2019-10-09 07:09:03', '2019-10-09 07:09:03'),
(186, 57, 1, 6, 8, 2, 17.00, '2019-10-09 07:09:04', '2019-10-09 07:09:04'),
(187, 57, 1, 6, 9, 2, 16.00, '2019-10-09 07:09:04', '2019-10-09 07:09:04'),
(188, 57, 1, 6, 10, 2, 17.00, '2019-10-09 07:09:04', '2019-10-09 07:09:04'),
(189, 38, 1, 6, 7, 1, 15.00, '2019-10-09 07:12:00', '2019-10-09 07:12:00'),
(190, 38, 1, 6, 8, 1, 14.00, '2019-10-09 07:12:00', '2019-10-09 07:12:00'),
(191, 38, 1, 6, 9, 1, 17.00, '2019-10-09 07:12:00', '2019-10-09 07:12:00'),
(192, 38, 1, 6, 10, 1, 15.00, '2019-10-09 07:12:00', '2019-10-09 07:12:00'),
(193, 38, 1, 6, 7, 2, 16.00, '2019-10-09 07:12:13', '2019-10-09 07:12:13'),
(194, 38, 1, 6, 8, 2, 14.00, '2019-10-09 07:12:13', '2019-10-09 07:12:13'),
(195, 38, 1, 6, 9, 2, 15.00, '2019-10-09 07:12:13', '2019-10-09 07:12:13'),
(196, 38, 1, 6, 10, 2, 17.00, '2019-10-09 07:12:13', '2019-10-09 07:12:13'),
(197, 32, 1, 6, 7, 1, 17.00, '2019-10-09 07:13:28', '2019-10-09 07:13:28'),
(198, 32, 1, 6, 8, 1, 15.00, '2019-10-09 07:13:28', '2019-10-09 07:13:28'),
(199, 32, 1, 6, 9, 1, 18.00, '2019-10-09 07:13:28', '2019-10-09 07:13:28'),
(200, 32, 1, 6, 10, 1, 17.00, '2019-10-09 07:13:29', '2019-10-09 07:13:29'),
(201, 32, 1, 6, 7, 2, 16.00, '2019-10-09 07:13:43', '2019-10-09 07:13:43'),
(202, 32, 1, 6, 8, 2, 17.00, '2019-10-09 07:13:43', '2019-10-09 07:13:43'),
(203, 32, 1, 6, 9, 2, 15.00, '2019-10-09 07:13:43', '2019-10-09 07:13:43'),
(204, 32, 1, 6, 10, 2, 19.00, '2019-10-09 07:13:43', '2019-10-09 07:13:43'),
(205, 27, 1, 6, 7, 1, 15.00, '2019-10-09 07:16:44', '2019-10-09 07:16:44'),
(206, 27, 1, 6, 8, 1, 14.00, '2019-10-09 07:16:44', '2019-10-09 07:16:44'),
(207, 27, 1, 6, 9, 1, 16.00, '2019-10-09 07:16:44', '2019-10-09 07:16:44'),
(208, 27, 1, 6, 10, 1, 14.00, '2019-10-09 07:16:44', '2019-10-09 07:16:44'),
(209, 27, 1, 6, 7, 2, 15.00, '2019-10-09 07:17:04', '2019-10-09 07:17:04'),
(210, 27, 1, 6, 8, 2, 14.50, '2019-10-09 07:17:04', '2019-10-09 07:17:04'),
(211, 27, 1, 6, 9, 2, 16.50, '2019-10-09 07:17:04', '2019-10-09 07:17:04'),
(212, 27, 1, 6, 10, 2, 16.00, '2019-10-09 07:17:04', '2019-10-09 07:17:04'),
(213, 54, 1, 3, 7, 1, 17.00, '2019-10-09 07:32:22', '2019-10-09 07:32:22'),
(214, 54, 1, 3, 8, 1, 15.00, '2019-10-09 07:32:22', '2019-10-09 07:32:22'),
(215, 54, 1, 3, 9, 1, 17.00, '2019-10-09 07:32:22', '2019-10-09 07:32:22'),
(216, 54, 1, 3, 10, 1, 16.00, '2019-10-09 07:32:22', '2019-10-09 07:32:22'),
(217, 54, 1, 3, 7, 2, 13.00, '2019-10-09 07:32:36', '2019-10-09 07:32:36'),
(218, 54, 1, 3, 8, 2, 14.00, '2019-10-09 07:32:36', '2019-10-09 07:32:36'),
(219, 54, 1, 3, 9, 2, 15.00, '2019-10-09 07:32:36', '2019-10-09 07:32:36'),
(220, 54, 1, 3, 10, 2, 16.00, '2019-10-09 07:32:37', '2019-10-09 07:32:37'),
(221, 49, 1, 3, 7, 1, 14.00, '2019-10-09 07:35:01', '2019-10-09 07:35:01'),
(222, 49, 1, 3, 8, 1, 15.00, '2019-10-09 07:35:01', '2019-10-09 07:35:01'),
(223, 49, 1, 3, 9, 1, 18.00, '2019-10-09 07:35:01', '2019-10-09 07:35:01'),
(224, 49, 1, 3, 10, 1, 14.00, '2019-10-09 07:35:01', '2019-10-09 07:35:01'),
(225, 49, 1, 3, 7, 2, 14.00, '2019-10-09 07:35:15', '2019-10-09 07:35:15'),
(226, 49, 1, 3, 8, 2, 15.00, '2019-10-09 07:35:16', '2019-10-09 07:35:16'),
(227, 49, 1, 3, 9, 2, 14.00, '2019-10-09 07:35:16', '2019-10-09 07:35:16'),
(228, 49, 1, 3, 10, 2, 13.00, '2019-10-09 07:35:16', '2019-10-09 07:35:16'),
(229, 22, 1, 3, 7, 1, 15.00, '2019-10-09 07:36:19', '2019-10-09 07:36:19'),
(230, 22, 1, 3, 8, 1, 14.00, '2019-10-09 07:36:19', '2019-10-09 07:36:19'),
(231, 22, 1, 3, 9, 1, 17.00, '2019-10-09 07:36:19', '2019-10-09 07:36:19'),
(232, 22, 1, 3, 10, 1, 16.00, '2019-10-09 07:36:19', '2019-10-09 07:36:19'),
(233, 22, 1, 3, 7, 2, 12.00, '2019-10-09 07:36:32', '2019-10-09 07:36:32'),
(234, 22, 1, 3, 8, 2, 13.00, '2019-10-09 07:36:32', '2019-10-09 07:36:32'),
(235, 22, 1, 3, 9, 2, 15.00, '2019-10-09 07:36:32', '2019-10-09 07:36:32'),
(236, 22, 1, 3, 10, 2, 14.00, '2019-10-09 07:36:32', '2019-10-09 07:36:32'),
(237, 1, 1, 3, 7, 1, 15.00, '2019-10-09 07:37:37', '2019-10-09 07:38:22'),
(238, 1, 1, 3, 8, 1, 14.00, '2019-10-09 07:37:38', '2019-10-09 07:38:22'),
(239, 1, 1, 3, 9, 1, 17.00, '2019-10-09 07:37:38', '2019-10-09 07:38:22'),
(240, 1, 1, 3, 10, 1, 13.00, '2019-10-09 07:37:38', '2019-10-09 07:38:23'),
(241, 1, 1, 3, 7, 2, 17.00, '2019-10-09 07:38:05', '2019-10-09 07:38:05'),
(242, 1, 1, 3, 8, 2, 18.00, '2019-10-09 07:38:05', '2019-10-09 07:38:05'),
(243, 1, 1, 3, 9, 2, 19.00, '2019-10-09 07:38:05', '2019-10-09 07:38:05'),
(244, 1, 1, 3, 10, 2, 15.00, '2019-10-09 07:38:05', '2019-10-09 07:38:05'),
(245, 65, 1, 8, 7, 1, 14.00, '2019-10-09 07:54:43', '2019-10-09 07:54:43'),
(246, 65, 1, 8, 8, 1, 15.00, '2019-10-09 07:54:43', '2019-10-09 07:54:43'),
(247, 65, 1, 8, 9, 1, 18.00, '2019-10-09 07:54:43', '2019-10-09 07:54:43'),
(248, 65, 1, 8, 10, 1, 14.00, '2019-10-09 07:54:43', '2019-10-09 07:54:43'),
(249, 65, 1, 8, 7, 2, 15.00, '2019-10-09 07:54:57', '2019-10-09 07:54:57'),
(250, 65, 1, 8, 8, 2, 14.00, '2019-10-09 07:54:57', '2019-10-09 07:54:57'),
(251, 65, 1, 8, 9, 2, 17.00, '2019-10-09 07:54:57', '2019-10-09 07:54:57'),
(252, 65, 1, 8, 10, 2, 13.00, '2019-10-09 07:54:57', '2019-10-09 07:54:57'),
(253, 50, 1, 8, 7, 1, 14.00, '2019-10-09 07:58:24', '2019-10-09 07:58:24'),
(254, 50, 1, 8, 8, 1, 15.00, '2019-10-09 07:58:24', '2019-10-09 07:58:24'),
(255, 50, 1, 8, 9, 1, 16.00, '2019-10-09 07:58:25', '2019-10-09 07:58:25'),
(256, 50, 1, 8, 10, 1, 14.00, '2019-10-09 07:58:25', '2019-10-09 07:58:25'),
(257, 50, 1, 8, 7, 2, 16.00, '2019-10-09 07:58:40', '2019-10-09 07:58:40'),
(258, 50, 1, 8, 8, 2, 14.00, '2019-10-09 07:58:40', '2019-10-09 07:58:40'),
(259, 50, 1, 8, 9, 2, 17.00, '2019-10-09 07:58:40', '2019-10-09 07:58:40'),
(260, 50, 1, 8, 10, 2, 15.00, '2019-10-09 07:58:40', '2019-10-09 07:58:40'),
(261, 45, 1, 8, 7, 1, 14.00, '2019-10-09 08:03:54', '2019-10-09 08:03:54'),
(262, 45, 1, 8, 8, 1, 15.00, '2019-10-09 08:03:54', '2019-10-09 08:03:54'),
(263, 45, 1, 8, 9, 1, 16.00, '2019-10-09 08:03:54', '2019-10-09 08:03:54'),
(264, 45, 1, 8, 10, 1, 14.00, '2019-10-09 08:03:54', '2019-10-09 08:03:54'),
(265, 45, 1, 8, 7, 2, 15.00, '2019-10-09 08:04:46', '2019-10-09 08:04:46'),
(266, 45, 1, 8, 8, 2, 15.00, '2019-10-09 08:04:47', '2019-10-09 08:04:47'),
(267, 45, 1, 8, 9, 2, 14.00, '2019-10-09 08:04:47', '2019-10-09 08:04:47'),
(268, 45, 1, 8, 10, 2, 15.00, '2019-10-09 08:04:47', '2019-10-09 08:04:47'),
(269, 41, 1, 8, 7, 1, 15.00, '2019-10-09 08:06:18', '2019-10-09 08:06:18'),
(270, 41, 1, 8, 8, 1, 14.00, '2019-10-09 08:06:18', '2019-10-09 08:06:18'),
(271, 41, 1, 8, 9, 1, 15.00, '2019-10-09 08:06:18', '2019-10-09 08:06:18'),
(272, 41, 1, 8, 10, 1, 13.00, '2019-10-09 08:06:18', '2019-10-09 08:06:18'),
(273, 41, 1, 8, 7, 2, 15.00, '2019-10-09 08:07:00', '2019-10-09 08:07:00'),
(274, 41, 1, 8, 8, 2, 16.00, '2019-10-09 08:07:00', '2019-10-09 08:07:00'),
(275, 41, 1, 8, 9, 2, 18.00, '2019-10-09 08:07:00', '2019-10-09 08:07:00'),
(276, 41, 1, 8, 10, 2, 14.00, '2019-10-09 08:07:00', '2019-10-09 08:07:00'),
(277, 36, 1, 8, 7, 1, 17.00, '2019-10-09 08:09:03', '2019-10-09 08:09:03'),
(278, 36, 1, 8, 8, 1, 15.00, '2019-10-09 08:09:03', '2019-10-09 08:09:03'),
(279, 36, 1, 8, 9, 1, 20.00, '2019-10-09 08:09:03', '2019-10-09 08:09:03'),
(280, 36, 1, 8, 10, 1, 14.00, '2019-10-09 08:09:03', '2019-10-09 08:09:03'),
(281, 36, 1, 8, 7, 2, 16.00, '2019-10-09 08:09:24', '2019-10-09 08:09:24'),
(282, 36, 1, 8, 8, 2, 16.00, '2019-10-09 08:09:24', '2019-10-09 08:09:24'),
(283, 36, 1, 8, 9, 2, 17.00, '2019-10-09 08:09:24', '2019-10-09 08:09:24'),
(284, 36, 1, 8, 10, 2, 18.00, '2019-10-09 08:09:24', '2019-10-09 08:09:24'),
(285, 61, 1, 9, 7, 1, 14.00, '2019-10-09 08:44:40', '2019-10-09 08:44:40'),
(286, 61, 1, 9, 8, 1, 15.00, '2019-10-09 08:44:40', '2019-10-09 08:44:40'),
(287, 61, 1, 9, 9, 1, 14.00, '2019-10-09 08:44:40', '2019-10-09 08:44:40'),
(288, 61, 1, 9, 10, 1, 14.00, '2019-10-09 08:44:40', '2019-10-09 08:44:40'),
(289, 61, 1, 9, 7, 2, 16.00, '2019-10-09 08:44:54', '2019-10-09 08:44:54'),
(290, 61, 1, 9, 8, 2, 14.00, '2019-10-09 08:44:54', '2019-10-09 08:44:54'),
(291, 61, 1, 9, 9, 2, 15.00, '2019-10-09 08:44:54', '2019-10-09 08:44:54'),
(292, 61, 1, 9, 10, 2, 14.00, '2019-10-09 08:44:54', '2019-10-09 08:44:54'),
(293, 58, 1, 9, 7, 1, 15.00, '2019-10-09 08:48:47', '2019-10-09 08:48:47'),
(294, 58, 1, 9, 8, 1, 14.00, '2019-10-09 08:48:47', '2019-10-09 08:48:47'),
(295, 58, 1, 9, 9, 1, 16.00, '2019-10-09 08:48:47', '2019-10-09 08:48:47'),
(296, 58, 1, 9, 10, 1, 14.00, '2019-10-09 08:48:47', '2019-10-09 08:48:47'),
(297, 58, 1, 9, 7, 2, 16.00, '2019-10-09 08:49:00', '2019-10-09 08:49:00'),
(298, 58, 1, 9, 8, 2, 14.00, '2019-10-09 08:49:00', '2019-10-09 08:49:00'),
(299, 58, 1, 9, 9, 2, 15.00, '2019-10-09 08:49:00', '2019-10-09 08:49:00'),
(300, 58, 1, 9, 10, 2, 17.00, '2019-10-09 08:49:00', '2019-10-09 08:49:00'),
(301, 56, 1, 9, 7, 1, 15.00, '2019-10-09 08:51:01', '2019-10-09 08:51:01'),
(302, 56, 1, 9, 8, 1, 14.00, '2019-10-09 08:51:01', '2019-10-09 08:51:01'),
(303, 56, 1, 9, 9, 1, 15.00, '2019-10-09 08:51:01', '2019-10-09 08:51:01'),
(304, 56, 1, 9, 10, 1, 15.00, '2019-10-09 08:51:01', '2019-10-09 08:51:01'),
(305, 56, 1, 9, 7, 2, 17.00, '2019-10-09 08:51:16', '2019-10-09 08:51:16'),
(306, 56, 1, 9, 8, 2, 15.00, '2019-10-09 08:51:17', '2019-10-09 08:51:17'),
(307, 56, 1, 9, 9, 2, 16.00, '2019-10-09 08:51:17', '2019-10-09 08:51:17'),
(308, 56, 1, 9, 10, 2, 14.00, '2019-10-09 08:51:17', '2019-10-09 08:51:17'),
(309, 42, 1, 9, 7, 1, 15.00, '2019-10-09 08:52:16', '2019-10-09 08:52:16'),
(310, 42, 1, 9, 8, 1, 14.00, '2019-10-09 08:52:16', '2019-10-09 08:52:16'),
(311, 42, 1, 9, 9, 1, 16.00, '2019-10-09 08:52:16', '2019-10-09 08:52:16'),
(312, 42, 1, 9, 10, 1, 14.00, '2019-10-09 08:52:16', '2019-10-09 08:52:16'),
(313, 42, 1, 9, 7, 2, 12.00, '2019-10-09 08:52:33', '2019-10-09 08:52:33'),
(314, 42, 1, 9, 8, 2, 14.00, '2019-10-09 08:52:33', '2019-10-09 08:52:33'),
(315, 42, 1, 9, 9, 2, 15.00, '2019-10-09 08:52:33', '2019-10-09 08:52:33'),
(316, 42, 1, 9, 10, 2, 14.00, '2019-10-09 08:52:33', '2019-10-09 08:52:33'),
(317, 37, 1, 9, 7, 1, 14.00, '2019-10-09 08:54:54', '2019-10-09 08:54:54'),
(318, 37, 1, 9, 8, 1, 14.00, '2019-10-09 08:54:54', '2019-10-09 08:54:54'),
(319, 37, 1, 9, 9, 1, 15.00, '2019-10-09 08:54:54', '2019-10-09 08:54:54'),
(320, 37, 1, 9, 10, 1, 16.00, '2019-10-09 08:54:54', '2019-10-09 08:54:54'),
(321, 37, 1, 9, 7, 2, 16.00, '2019-10-09 08:55:10', '2019-10-09 08:55:10'),
(322, 37, 1, 9, 8, 2, 15.00, '2019-10-09 08:55:10', '2019-10-09 08:55:10'),
(323, 37, 1, 9, 9, 2, 14.00, '2019-10-09 08:55:10', '2019-10-09 08:55:10'),
(324, 37, 1, 9, 10, 2, 14.00, '2019-10-09 08:55:10', '2019-10-09 08:55:10'),
(325, 37, 1, 9, 7, 3, 15.00, '2019-10-09 08:55:23', '2019-10-09 08:55:23'),
(326, 37, 1, 9, 8, 3, 14.00, '2019-10-09 08:55:23', '2019-10-09 08:55:23'),
(327, 37, 1, 9, 9, 3, 15.00, '2019-10-09 08:55:23', '2019-10-09 08:55:23'),
(328, 37, 1, 9, 10, 3, 14.00, '2019-10-09 08:55:23', '2019-10-09 08:55:23'),
(329, 35, 1, 9, 7, 1, 14.00, '2019-10-09 08:58:36', '2019-10-09 08:59:23'),
(330, 35, 1, 9, 8, 1, 15.00, '2019-10-09 08:58:37', '2019-10-09 08:59:23'),
(331, 35, 1, 9, 9, 1, 17.00, '2019-10-09 08:58:37', '2019-10-09 08:59:23'),
(332, 35, 1, 9, 10, 1, 15.00, '2019-10-09 08:58:37', '2019-10-09 08:59:23'),
(333, 35, 1, 9, 7, 2, 18.00, '2019-10-09 08:59:09', '2019-10-09 08:59:09'),
(334, 35, 1, 9, 8, 2, 18.00, '2019-10-09 08:59:09', '2019-10-09 08:59:09'),
(335, 35, 1, 9, 9, 2, 19.00, '2019-10-09 08:59:09', '2019-10-09 08:59:09'),
(336, 35, 1, 9, 10, 2, 14.00, '2019-10-09 08:59:09', '2019-10-09 08:59:09'),
(337, 29, 1, 9, 7, 1, 14.00, '2019-10-09 09:02:51', '2019-10-09 09:02:51'),
(338, 29, 1, 9, 8, 1, 15.00, '2019-10-09 09:02:51', '2019-10-09 09:02:51'),
(339, 29, 1, 9, 9, 1, 16.00, '2019-10-09 09:02:51', '2019-10-09 09:02:51'),
(340, 29, 1, 9, 10, 1, 14.00, '2019-10-09 09:02:51', '2019-10-09 09:02:51'),
(341, 29, 1, 9, 7, 2, 15.00, '2019-10-09 09:03:05', '2019-10-09 09:03:05'),
(342, 29, 1, 9, 8, 2, 14.00, '2019-10-09 09:03:05', '2019-10-09 09:03:05'),
(343, 29, 1, 9, 9, 2, 15.00, '2019-10-09 09:03:05', '2019-10-09 09:03:05'),
(344, 29, 1, 9, 10, 2, 14.00, '2019-10-09 09:03:05', '2019-10-09 09:03:05'),
(345, 26, 1, 9, 7, 1, 17.00, '2019-10-09 09:04:00', '2019-10-09 09:04:00'),
(346, 26, 1, 9, 8, 1, 15.00, '2019-10-09 09:04:00', '2019-10-09 09:04:00'),
(347, 26, 1, 9, 9, 1, 16.00, '2019-10-09 09:04:00', '2019-10-09 09:04:00'),
(348, 26, 1, 9, 10, 1, 14.00, '2019-10-09 09:04:00', '2019-10-09 09:04:00'),
(349, 26, 1, 9, 7, 2, 15.00, '2019-10-09 09:04:14', '2019-10-09 09:04:14'),
(350, 26, 1, 9, 8, 2, 16.00, '2019-10-09 09:04:14', '2019-10-09 09:04:14'),
(351, 26, 1, 9, 9, 2, 18.00, '2019-10-09 09:04:14', '2019-10-09 09:04:14'),
(352, 26, 1, 9, 10, 2, 14.00, '2019-10-09 09:04:14', '2019-10-09 09:04:14'),
(353, 52, 1, 10, 7, 1, 17.00, '2019-10-09 09:24:03', '2019-10-09 09:24:03'),
(354, 52, 1, 10, 8, 1, 15.00, '2019-10-09 09:24:03', '2019-10-09 09:24:03'),
(355, 52, 1, 10, 9, 1, 19.00, '2019-10-09 09:24:03', '2019-10-09 09:24:03'),
(356, 52, 1, 10, 10, 1, 14.00, '2019-10-09 09:24:03', '2019-10-09 09:24:03'),
(357, 52, 1, 10, 7, 2, 19.00, '2019-10-09 09:24:16', '2019-10-09 09:24:16'),
(358, 52, 1, 10, 8, 2, 14.00, '2019-10-09 09:24:16', '2019-10-09 09:24:16'),
(359, 52, 1, 10, 9, 2, 19.00, '2019-10-09 09:24:16', '2019-10-09 09:24:16'),
(360, 52, 1, 10, 10, 2, 14.00, '2019-10-09 09:24:16', '2019-10-09 09:24:16'),
(361, 47, 1, 10, 7, 1, 18.00, '2019-10-09 09:27:47', '2019-10-09 09:27:47'),
(362, 47, 1, 10, 8, 1, 17.00, '2019-10-09 09:27:48', '2019-10-09 09:29:08'),
(363, 47, 1, 10, 9, 1, 19.00, '2019-10-09 09:27:48', '2019-10-09 09:27:48'),
(364, 47, 1, 10, 10, 1, 16.00, '2019-10-09 09:27:48', '2019-10-09 09:27:48'),
(365, 47, 1, 10, 7, 2, 14.00, '2019-10-09 09:28:00', '2019-10-09 09:28:00'),
(366, 47, 1, 10, 8, 2, 18.00, '2019-10-09 09:28:00', '2019-10-09 09:28:00'),
(367, 47, 1, 10, 9, 2, 19.00, '2019-10-09 09:28:00', '2019-10-09 09:28:00'),
(368, 47, 1, 10, 10, 2, 14.00, '2019-10-09 09:28:01', '2019-10-09 09:28:01'),
(369, 43, 1, 10, 7, 1, 14.00, '2019-10-09 09:29:54', '2019-10-09 09:29:54'),
(370, 43, 1, 10, 8, 1, 15.00, '2019-10-09 09:29:54', '2019-10-09 09:29:54'),
(371, 43, 1, 10, 9, 1, 16.00, '2019-10-09 09:29:54', '2019-10-09 09:29:54'),
(372, 43, 1, 10, 10, 1, 15.00, '2019-10-09 09:29:54', '2019-10-09 09:29:54'),
(373, 43, 1, 10, 7, 2, 17.00, '2019-10-09 09:30:06', '2019-10-09 09:30:06'),
(374, 43, 1, 10, 8, 2, 15.00, '2019-10-09 09:30:06', '2019-10-09 09:30:06'),
(375, 43, 1, 10, 9, 2, 19.00, '2019-10-09 09:30:06', '2019-10-09 09:30:06'),
(376, 43, 1, 10, 10, 2, 14.00, '2019-10-09 09:30:06', '2019-10-09 09:30:06'),
(377, 39, 1, 10, 7, 1, 12.00, '2019-10-09 09:32:37', '2019-10-09 09:32:37'),
(378, 39, 1, 10, 8, 1, 12.00, '2019-10-09 09:32:37', '2019-10-09 09:32:37'),
(379, 39, 1, 10, 9, 1, 14.00, '2019-10-09 09:32:37', '2019-10-09 09:32:37'),
(380, 39, 1, 10, 10, 1, 16.00, '2019-10-09 09:32:37', '2019-10-09 09:32:37'),
(381, 39, 1, 10, 7, 2, 13.00, '2019-10-09 09:32:52', '2019-10-09 09:32:52'),
(382, 39, 1, 10, 8, 2, 14.00, '2019-10-09 09:32:52', '2019-10-09 09:32:52'),
(383, 39, 1, 10, 9, 2, 12.00, '2019-10-09 09:32:52', '2019-10-09 09:32:52'),
(384, 39, 1, 10, 10, 2, 14.00, '2019-10-09 09:32:52', '2019-10-09 09:32:52'),
(385, 33, 1, 10, 7, 1, 14.00, '2019-10-09 09:33:51', '2019-10-09 09:33:51'),
(386, 33, 1, 10, 8, 1, 12.00, '2019-10-09 09:33:51', '2019-10-09 09:33:51'),
(387, 33, 1, 10, 9, 1, 15.00, '2019-10-09 09:33:51', '2019-10-09 09:33:51'),
(388, 33, 1, 10, 10, 1, 15.00, '2019-10-09 09:33:51', '2019-10-09 09:33:51'),
(389, 33, 1, 10, 7, 2, 14.00, '2019-10-09 09:34:03', '2019-10-09 09:34:03'),
(390, 33, 1, 10, 8, 2, 15.00, '2019-10-09 09:34:03', '2019-10-09 09:34:03'),
(391, 33, 1, 10, 9, 2, 16.00, '2019-10-09 09:34:03', '2019-10-09 09:34:03'),
(392, 33, 1, 10, 10, 2, 14.00, '2019-10-09 09:34:03', '2019-10-09 09:34:03'),
(393, 28, 1, 10, 7, 1, 14.00, '2019-10-09 09:35:58', '2019-10-09 09:35:58'),
(394, 28, 1, 10, 8, 1, 12.00, '2019-10-09 09:35:58', '2019-10-09 09:35:58'),
(395, 28, 1, 10, 9, 1, 15.00, '2019-10-09 09:35:58', '2019-10-09 09:35:58'),
(396, 28, 1, 10, 10, 1, 13.00, '2019-10-09 09:35:58', '2019-10-09 09:35:58'),
(397, 28, 1, 10, 7, 2, 12.00, '2019-10-09 09:36:11', '2019-10-09 09:36:11'),
(398, 28, 1, 10, 8, 2, 12.00, '2019-10-09 09:36:11', '2019-10-09 09:36:11'),
(399, 28, 1, 10, 9, 2, 15.00, '2019-10-09 09:36:11', '2019-10-09 09:36:11'),
(400, 28, 1, 10, 10, 2, 14.00, '2019-10-09 09:36:11', '2019-10-09 09:36:11'),
(401, 24, 1, 10, 7, 1, 14.00, '2019-10-09 09:37:23', '2019-10-09 09:37:23'),
(402, 24, 1, 10, 8, 1, 12.00, '2019-10-09 09:37:23', '2019-10-09 09:37:23'),
(403, 24, 1, 10, 9, 1, 15.00, '2019-10-09 09:37:23', '2019-10-09 09:37:23'),
(404, 24, 1, 10, 10, 1, 14.00, '2019-10-09 09:37:23', '2019-10-09 09:37:23'),
(405, 24, 1, 10, 7, 2, 12.00, '2019-10-09 09:37:36', '2019-10-09 09:37:36'),
(406, 24, 1, 10, 8, 2, 13.00, '2019-10-09 09:37:36', '2019-10-09 09:37:36'),
(407, 24, 1, 10, 9, 2, 15.00, '2019-10-09 09:37:36', '2019-10-09 09:37:36'),
(408, 24, 1, 10, 10, 2, 14.00, '2019-10-09 09:37:36', '2019-10-09 09:37:36'),
(409, 19, 1, 10, 7, 1, 18.00, '2019-10-09 09:39:37', '2019-10-09 09:39:37'),
(410, 19, 1, 10, 8, 1, 14.00, '2019-10-09 09:39:37', '2019-10-09 09:39:37'),
(411, 19, 1, 10, 9, 1, 15.00, '2019-10-09 09:39:37', '2019-10-09 09:39:37'),
(412, 19, 1, 10, 10, 1, 14.00, '2019-10-09 09:39:37', '2019-10-09 09:39:37'),
(413, 19, 1, 10, 7, 2, 13.00, '2019-10-09 09:39:50', '2019-10-09 09:39:50'),
(414, 19, 1, 10, 8, 2, 15.00, '2019-10-09 09:39:50', '2019-10-09 09:39:50'),
(415, 19, 1, 10, 9, 2, 18.00, '2019-10-09 09:39:50', '2019-10-09 09:39:50'),
(416, 19, 1, 10, 10, 2, 14.00, '2019-10-09 09:39:50', '2019-10-09 09:39:50'),
(417, 9, 1, 10, 7, 1, 12.00, '2019-10-09 09:40:41', '2019-10-09 09:40:41'),
(418, 9, 1, 10, 8, 1, 14.00, '2019-10-09 09:40:41', '2019-10-09 09:40:41'),
(419, 9, 1, 10, 9, 1, 15.00, '2019-10-09 09:40:41', '2019-10-09 09:40:41'),
(420, 9, 1, 10, 10, 1, 16.00, '2019-10-09 09:40:41', '2019-10-09 09:40:41'),
(421, 9, 1, 10, 7, 2, 13.00, '2019-10-09 09:40:53', '2019-10-09 09:40:53'),
(422, 9, 1, 10, 8, 2, 15.00, '2019-10-09 09:40:53', '2019-10-09 09:40:53'),
(423, 9, 1, 10, 9, 2, 14.00, '2019-10-09 09:40:53', '2019-10-09 09:40:53'),
(424, 9, 1, 10, 10, 2, 15.00, '2019-10-09 09:40:53', '2019-10-09 09:40:53'),
(425, 40, 1, 11, 7, 1, 15.00, '2019-10-09 10:05:29', '2019-10-09 10:05:29'),
(426, 40, 1, 11, 8, 1, 14.00, '2019-10-09 10:05:29', '2019-10-09 10:05:29'),
(427, 40, 1, 11, 9, 1, 14.00, '2019-10-09 10:05:30', '2019-10-09 10:05:30'),
(428, 40, 1, 11, 10, 1, 15.00, '2019-10-09 10:05:30', '2019-10-09 10:05:30'),
(429, 40, 1, 11, 7, 2, 15.00, '2019-10-09 10:06:00', '2019-10-09 10:06:00'),
(430, 40, 1, 11, 8, 2, 15.00, '2019-10-09 10:06:00', '2019-10-09 10:06:00'),
(431, 40, 1, 11, 9, 2, 17.00, '2019-10-09 10:06:00', '2019-10-09 10:06:00'),
(432, 40, 1, 11, 10, 2, 15.00, '2019-10-09 10:06:00', '2019-10-09 10:06:00'),
(433, 23, 1, 11, 7, 1, 12.00, '2019-10-09 10:09:38', '2019-10-09 10:09:38'),
(434, 23, 1, 11, 8, 1, 14.00, '2019-10-09 10:09:38', '2019-10-09 10:09:38'),
(435, 23, 1, 11, 9, 1, 15.00, '2019-10-09 10:09:38', '2019-10-09 10:09:38'),
(436, 23, 1, 11, 10, 1, 12.00, '2019-10-09 10:09:38', '2019-10-09 10:09:38'),
(437, 23, 1, 11, 7, 2, 12.00, '2019-10-09 10:09:57', '2019-10-09 10:09:57'),
(438, 23, 1, 11, 8, 2, 12.00, '2019-10-09 10:09:57', '2019-10-09 10:09:57'),
(439, 23, 1, 11, 9, 2, 14.00, '2019-10-09 10:09:57', '2019-10-09 10:09:57'),
(440, 23, 1, 11, 10, 2, 15.00, '2019-10-09 10:09:57', '2019-10-09 10:09:57'),
(441, 18, 1, 11, 7, 1, 12.00, '2019-10-09 10:11:49', '2019-10-09 10:11:49'),
(442, 18, 1, 11, 8, 1, 14.00, '2019-10-09 10:11:49', '2019-10-09 10:11:49'),
(443, 18, 1, 11, 9, 1, 15.00, '2019-10-09 10:11:49', '2019-10-09 10:11:49'),
(444, 18, 1, 11, 10, 1, 13.00, '2019-10-09 10:11:49', '2019-10-09 10:11:49'),
(445, 18, 1, 11, 7, 2, 12.00, '2019-10-09 10:12:19', '2019-10-09 10:12:19'),
(446, 18, 1, 11, 8, 2, 14.00, '2019-10-09 10:12:20', '2019-10-09 10:12:20'),
(447, 18, 1, 11, 9, 2, 15.00, '2019-10-09 10:12:20', '2019-10-09 10:12:20'),
(448, 18, 1, 11, 10, 2, 16.00, '2019-10-09 10:12:20', '2019-10-09 10:12:20'),
(449, 16, 1, 11, 7, 1, 12.00, '2019-10-09 10:13:12', '2019-10-09 10:13:12'),
(450, 16, 1, 11, 8, 1, 14.00, '2019-10-09 10:13:12', '2019-10-09 10:13:12'),
(451, 16, 1, 11, 9, 1, 15.00, '2019-10-09 10:13:12', '2019-10-09 10:13:12'),
(452, 16, 1, 11, 10, 1, 14.00, '2019-10-09 10:13:12', '2019-10-09 10:13:12'),
(453, 16, 1, 11, 7, 2, 15.00, '2019-10-09 10:13:26', '2019-10-09 10:13:26'),
(454, 16, 1, 11, 8, 2, 14.00, '2019-10-09 10:13:26', '2019-10-09 10:13:26'),
(455, 16, 1, 11, 9, 2, 15.00, '2019-10-09 10:13:26', '2019-10-09 10:13:26'),
(456, 16, 1, 11, 10, 2, 14.00, '2019-10-09 10:13:26', '2019-10-09 10:13:26'),
(457, 11, 1, 11, 7, 1, 12.00, '2019-10-09 10:15:16', '2019-10-09 10:15:16'),
(458, 11, 1, 11, 8, 1, 14.00, '2019-10-09 10:15:16', '2019-10-09 10:15:16'),
(459, 11, 1, 11, 9, 1, 15.00, '2019-10-09 10:15:16', '2019-10-09 10:15:16'),
(460, 11, 1, 11, 10, 1, 14.00, '2019-10-09 10:15:16', '2019-10-09 10:15:16'),
(461, 11, 1, 11, 7, 2, 15.00, '2019-10-09 10:15:29', '2019-10-09 10:15:29'),
(462, 11, 1, 11, 8, 2, 14.00, '2019-10-09 10:15:29', '2019-10-09 10:15:29'),
(463, 11, 1, 11, 9, 2, 15.00, '2019-10-09 10:15:29', '2019-10-09 10:15:29'),
(464, 11, 1, 11, 10, 2, 14.00, '2019-10-09 10:15:29', '2019-10-09 10:15:29'),
(465, 13, 1, 12, 7, 1, 17.00, '2019-10-09 10:22:52', '2019-10-09 10:22:52'),
(466, 13, 1, 12, 8, 1, 18.00, '2019-10-09 10:22:52', '2019-10-09 10:22:52'),
(467, 13, 1, 12, 9, 1, 20.00, '2019-10-09 10:22:52', '2019-10-09 10:22:52'),
(468, 13, 1, 12, 10, 1, 17.00, '2019-10-09 10:22:52', '2019-10-09 10:22:52'),
(469, 13, 1, 12, 7, 2, 15.00, '2019-10-09 10:23:05', '2019-10-09 10:23:05'),
(470, 13, 1, 12, 8, 2, 14.00, '2019-10-09 10:23:05', '2019-10-09 10:23:05'),
(471, 13, 1, 12, 9, 2, 18.00, '2019-10-09 10:23:05', '2019-10-09 10:23:05'),
(472, 13, 1, 12, 10, 2, 17.00, '2019-10-09 10:23:05', '2019-10-09 10:23:05'),
(473, 63, 1, 13, 7, 1, 17.00, '2019-10-09 10:27:46', '2019-10-09 10:27:46'),
(474, 63, 1, 13, 8, 1, 15.00, '2019-10-09 10:27:46', '2019-10-09 10:27:46'),
(475, 63, 1, 13, 9, 1, 14.00, '2019-10-09 10:27:46', '2019-10-09 10:27:46'),
(476, 63, 1, 13, 10, 1, 14.00, '2019-10-09 10:27:46', '2019-10-09 10:27:46'),
(477, 63, 1, 13, 7, 2, 15.00, '2019-10-09 10:28:01', '2019-10-09 10:28:01'),
(478, 63, 1, 13, 8, 2, 14.00, '2019-10-09 10:28:01', '2019-10-09 10:28:01'),
(479, 63, 1, 13, 9, 2, 18.00, '2019-10-09 10:28:01', '2019-10-09 10:28:01'),
(480, 63, 1, 13, 10, 2, 14.00, '2019-10-09 10:28:01', '2019-10-09 10:28:01'),
(481, 60, 1, 13, 7, 1, 14.00, '2019-10-09 10:29:22', '2019-10-09 10:29:22'),
(482, 60, 1, 13, 8, 1, 15.00, '2019-10-09 10:29:22', '2019-10-09 10:29:22'),
(483, 60, 1, 13, 9, 1, 16.00, '2019-10-09 10:29:22', '2019-10-09 10:29:22'),
(484, 60, 1, 13, 10, 1, 14.00, '2019-10-09 10:29:22', '2019-10-09 10:29:22'),
(485, 60, 1, 13, 7, 2, 14.00, '2019-10-09 10:29:33', '2019-10-09 10:29:33'),
(486, 60, 1, 13, 8, 2, 15.00, '2019-10-09 10:29:33', '2019-10-09 10:29:33'),
(487, 60, 1, 13, 9, 2, 15.00, '2019-10-09 10:29:33', '2019-10-09 10:29:33'),
(488, 60, 1, 13, 10, 2, 14.00, '2019-10-09 10:29:33', '2019-10-09 10:29:33'),
(489, 55, 1, 13, 7, 1, 14.00, '2019-10-09 10:32:11', '2019-10-09 10:32:11'),
(490, 55, 1, 13, 8, 1, 15.00, '2019-10-09 10:32:11', '2019-10-09 10:32:11'),
(491, 55, 1, 13, 9, 1, 14.00, '2019-10-09 10:32:11', '2019-10-09 10:32:11'),
(492, 55, 1, 13, 10, 1, 14.00, '2019-10-09 10:32:11', '2019-10-09 10:32:11'),
(493, 55, 1, 13, 7, 2, 15.00, '2019-10-09 10:32:22', '2019-10-09 10:32:22'),
(494, 55, 1, 13, 8, 2, 15.00, '2019-10-09 10:32:22', '2019-10-09 10:32:22'),
(495, 55, 1, 13, 9, 2, 14.00, '2019-10-09 10:32:22', '2019-10-09 10:32:22'),
(496, 55, 1, 13, 10, 2, 14.00, '2019-10-09 10:32:22', '2019-10-09 10:32:22'),
(497, 25, 1, 14, 7, 1, 17.00, '2019-10-09 10:38:00', '2019-10-09 10:38:00'),
(498, 25, 1, 14, 8, 1, 19.00, '2019-10-09 10:38:00', '2019-10-09 10:38:00'),
(499, 25, 1, 14, 9, 1, 14.00, '2019-10-09 10:38:00', '2019-10-09 10:38:00'),
(500, 25, 1, 14, 10, 1, 16.00, '2019-10-09 10:38:00', '2019-10-09 10:38:00'),
(501, 25, 1, 14, 7, 2, 17.00, '2019-10-09 10:38:15', '2019-10-09 10:38:15'),
(502, 25, 1, 14, 8, 2, 18.00, '2019-10-09 10:38:15', '2019-10-09 10:38:15'),
(503, 25, 1, 14, 9, 2, 16.00, '2019-10-09 10:38:15', '2019-10-09 10:38:15'),
(504, 25, 1, 14, 10, 2, 14.00, '2019-10-09 10:38:15', '2019-10-09 10:38:15'),
(505, 20, 1, 14, 7, 1, 17.00, '2019-10-09 10:40:26', '2019-10-09 10:40:26'),
(506, 20, 1, 14, 8, 1, 19.00, '2019-10-09 10:40:26', '2019-10-09 10:40:26'),
(507, 20, 1, 14, 9, 1, 14.00, '2019-10-09 10:40:26', '2019-10-09 10:40:26'),
(508, 20, 1, 14, 10, 1, 15.00, '2019-10-09 10:40:26', '2019-10-09 10:40:26'),
(509, 20, 1, 14, 7, 2, 15.00, '2019-10-09 10:40:37', '2019-10-09 10:40:37'),
(510, 20, 1, 14, 8, 2, 14.00, '2019-10-09 10:40:38', '2019-10-09 10:40:38'),
(511, 20, 1, 14, 9, 2, 15.00, '2019-10-09 10:40:38', '2019-10-09 10:40:38'),
(512, 20, 1, 14, 10, 2, 14.00, '2019-10-09 10:40:38', '2019-10-09 10:40:38'),
(513, 14, 1, 14, 7, 1, 20.00, '2019-10-09 10:41:32', '2019-10-09 10:41:32'),
(514, 14, 1, 14, 8, 1, 19.00, '2019-10-09 10:41:32', '2019-10-09 10:41:32'),
(515, 14, 1, 14, 9, 1, 18.00, '2019-10-09 10:41:32', '2019-10-09 10:41:32'),
(516, 14, 1, 14, 10, 1, 17.00, '2019-10-09 10:41:32', '2019-10-09 10:41:32'),
(517, 14, 1, 14, 7, 2, 17.00, '2019-10-09 10:41:45', '2019-10-09 10:41:45'),
(518, 14, 1, 14, 8, 2, 19.00, '2019-10-09 10:41:45', '2019-10-09 10:41:45'),
(519, 14, 1, 14, 9, 2, 14.00, '2019-10-09 10:41:45', '2019-10-09 10:41:45'),
(520, 14, 1, 14, 10, 2, 15.00, '2019-10-09 10:41:45', '2019-10-09 10:41:45'),
(521, 51, 1, 15, 7, 1, 14.00, '2019-10-09 10:52:04', '2019-10-09 10:52:04'),
(522, 51, 1, 15, 8, 1, 15.00, '2019-10-09 10:52:04', '2019-10-09 10:52:04'),
(523, 51, 1, 15, 9, 1, 14.00, '2019-10-09 10:52:04', '2019-10-09 10:52:04'),
(524, 51, 1, 15, 10, 1, 17.00, '2019-10-09 10:52:04', '2019-10-09 10:52:04'),
(525, 51, 1, 15, 7, 2, 15.00, '2019-10-09 10:52:18', '2019-10-09 10:52:18'),
(526, 51, 1, 15, 8, 2, 14.00, '2019-10-09 10:52:18', '2019-10-09 10:52:18'),
(527, 51, 1, 15, 9, 2, 18.00, '2019-10-09 10:52:18', '2019-10-09 10:52:18'),
(528, 51, 1, 15, 10, 2, 14.00, '2019-10-09 10:52:18', '2019-10-09 10:52:18'),
(529, 46, 1, 15, 7, 1, 18.00, '2019-10-09 10:54:13', '2019-10-09 10:54:13'),
(530, 46, 1, 15, 8, 1, 15.00, '2019-10-09 10:54:13', '2019-10-09 10:54:13'),
(531, 46, 1, 15, 9, 1, 14.00, '2019-10-09 10:54:13', '2019-10-09 10:54:13'),
(532, 46, 1, 15, 10, 1, 14.00, '2019-10-09 10:54:13', '2019-10-09 10:54:13'),
(533, 46, 1, 15, 7, 2, 14.00, '2019-10-09 10:54:25', '2019-10-09 10:54:25'),
(534, 46, 1, 15, 8, 2, 15.00, '2019-10-09 10:54:25', '2019-10-09 10:54:25'),
(535, 46, 1, 15, 9, 2, 13.00, '2019-10-09 10:54:25', '2019-10-09 10:54:25'),
(536, 46, 1, 15, 10, 2, 14.00, '2019-10-09 10:54:25', '2019-10-09 10:54:25'),
(537, 59, 1, 16, 7, 1, 14.00, '2019-10-09 10:58:57', '2019-10-09 10:58:57'),
(538, 59, 1, 16, 8, 1, 15.00, '2019-10-09 10:58:57', '2019-10-09 10:58:57'),
(539, 59, 1, 16, 9, 1, 15.00, '2019-10-09 10:58:57', '2019-10-09 10:58:57'),
(540, 59, 1, 16, 10, 1, 14.00, '2019-10-09 10:58:57', '2019-10-09 10:58:57'),
(541, 59, 1, 16, 7, 2, 18.00, '2019-10-09 10:59:10', '2019-10-09 10:59:10'),
(542, 59, 1, 16, 8, 2, 14.00, '2019-10-09 10:59:10', '2019-10-09 10:59:10'),
(543, 59, 1, 16, 9, 2, 18.00, '2019-10-09 10:59:10', '2019-10-09 10:59:10'),
(544, 59, 1, 16, 10, 2, 14.00, '2019-10-09 10:59:10', '2019-10-09 10:59:10'),
(545, 53, 1, 16, 7, 1, 14.00, '2019-10-09 11:00:01', '2019-10-09 11:00:01'),
(546, 53, 1, 16, 8, 1, 15.00, '2019-10-09 11:00:01', '2019-10-09 11:00:01'),
(547, 53, 1, 16, 9, 1, 14.00, '2019-10-09 11:00:01', '2019-10-09 11:00:01'),
(548, 53, 1, 16, 10, 1, 15.00, '2019-10-09 11:00:02', '2019-10-09 11:00:02'),
(549, 53, 1, 16, 7, 2, 17.00, '2019-10-09 11:00:40', '2019-10-09 11:00:40'),
(550, 53, 1, 16, 8, 2, 18.00, '2019-10-09 11:00:40', '2019-10-09 11:00:40'),
(551, 53, 1, 16, 9, 2, 19.00, '2019-10-09 11:00:40', '2019-10-09 11:00:40'),
(552, 53, 1, 16, 10, 2, 14.00, '2019-10-09 11:00:40', '2019-10-09 11:00:40'),
(553, 48, 1, 16, 7, 1, 15.00, '2019-10-09 11:03:27', '2019-10-09 11:03:27'),
(554, 48, 1, 16, 8, 1, 14.00, '2019-10-09 11:03:28', '2019-10-09 11:03:28'),
(555, 48, 1, 16, 9, 1, 15.00, '2019-10-09 11:03:28', '2019-10-09 11:03:28'),
(556, 48, 1, 16, 10, 1, 15.00, '2019-10-09 11:03:28', '2019-10-09 11:03:28'),
(557, 48, 1, 16, 7, 2, 17.00, '2019-10-09 11:03:43', '2019-10-09 11:03:43'),
(558, 48, 1, 16, 8, 2, 18.00, '2019-10-09 11:03:43', '2019-10-09 11:03:43'),
(559, 48, 1, 16, 9, 2, 19.00, '2019-10-09 11:03:43', '2019-10-09 11:03:43'),
(560, 48, 1, 16, 10, 2, 15.00, '2019-10-09 11:03:43', '2019-10-09 11:03:43');

-- --------------------------------------------------------

--
-- Table structure for table `users`
--

CREATE TABLE `users` (
  `id` bigint(20) UNSIGNED NOT NULL,
  `role_id` bigint(20) UNSIGNED NOT NULL,
  `name` varchar(191) COLLATE utf8mb4_unicode_ci NOT NULL,
  `username` varchar(191) COLLATE utf8mb4_unicode_ci DEFAULT NULL,
  `email` varchar(191) COLLATE utf8mb4_unicode_ci NOT NULL,
  `email_verified_at` timestamp NULL DEFAULT NULL,
  `password` varchar(191) COLLATE utf8mb4_unicode_ci NOT NULL,
  `image` varchar(191) COLLATE utf8mb4_unicode_ci NOT NULL DEFAULT 'default.png',
  `about` text COLLATE utf8mb4_unicode_ci,
  `remember_token` varchar(100) COLLATE utf8mb4_unicode_ci DEFAULT NULL,
  `created_at` timestamp NULL DEFAULT NULL,
  `updated_at` timestamp NULL DEFAULT NULL
) ENGINE=InnoDB DEFAULT CHARSET=utf8mb4 COLLATE=utf8mb4_unicode_ci;

--
-- Dumping data for table `users`
--

INSERT INTO `users` (`id`, `role_id`, `name`, `username`, `email`, `email_verified_at`, `password`, `image`, `about`, `remember_token`, `created_at`, `updated_at`) VALUES
(1, 1, 'Md. Register', 'register', 'register@gmail.com', NULL, '$2y$10$y6VXp4wkJdsOnAHpdWSBmuvAGhvwjZ61vgjHylYMFAQAQTMVcLXdq', 'default.png', NULL, NULL, NULL, NULL),
(2, 2, 'Md. Exam Controller', 'exam-controller', 'exam-controller@gmail.com', NULL, '$2y$10$KhL9t8cFWTBDFiA/iF8w2OBLBOMuvUf1BOYrGRVnWYvt40s7fok/a', 'default.png', NULL, NULL, NULL, NULL),
(3, 3, 'Md. Dept Office', 'dept-office', 'dept-office@gmail.com', NULL, '$2y$10$.GcWk8CJLIq3yR5XylllFuaW6bWQEWRxcgdlnLYsDpKyp0Qx14J6C', 'default.png', NULL, NULL, NULL, NULL),
(4, 4, 'Md. Teacher', 'teacher', 'teacher@gmail.com', NULL, '$2y$10$/g6kCKiW2qLnnQvODp2dl.WnOQVHG9moiKwyYt/UZ2unOgK6KmVC2', 'default.png', NULL, NULL, NULL, NULL),
(5, 5, 'Md. Student', 'student', 'student@gmail.com', NULL, '$2y$10$GmPQs56ZRESUpyouNDuFcewoO.F7dmtn9XPqyXTbtwBkC6J6YlrNK', 'default.png', NULL, NULL, NULL, NULL),
(7, 3, 'Institute of Information Technology', NULL, 'iit@gmail.com', NULL, '$2y$10$2xN4TvDswW0fnY1s0hdbF.tjgvLqAMhyHYww7XnGxOpJztmfl.mC6', 'default.png', NULL, NULL, '2019-07-27 02:07:57', '2019-07-27 02:07:57'),
(8, 3, 'Mathamatics', NULL, 'math@gmail.com', NULL, '$2y$10$zLiIDOp4JF4UOZwD7xHyvevcol9.BGoaYx/EfCBswvYLcyVusZuJG', 'default.png', NULL, NULL, '2019-07-27 02:30:32', '2019-07-27 02:30:32'),
(9, 4, 'Jesmin Akter', NULL, 'jesmin@gmail.com', NULL, '$2y$10$y9KSXQE8GX9ubsG4bYlKhedi6mi6jfuhF/AvGr7.ElEeUnq7RgVz2', 'default.png', NULL, NULL, '2019-07-31 20:15:12', '2019-07-31 20:15:12'),
(10, 4, 'Dr. Syed Sabbir Ahmed', NULL, 'syed@gmail.com', NULL, '$2y$10$iBdrycanAyJvvUWezRwCBOWasQFDcW9CznFqrEPxE2X5Rna9YWg82', 'default.png', NULL, NULL, '2019-07-31 20:18:33', '2019-07-31 20:18:33'),
(11, 5, 'Md. Obydullah Sarder', NULL, 'shishir.srdr16@gmail.com', NULL, '$2y$10$2cWa7K6nSWmA9wWlukhPDOSV3zv.f542w6I91jNy/4bwBwKaFogaC', 'default.png', NULL, NULL, '2019-08-08 17:48:06', '2019-08-08 17:48:06'),
(12, 4, 'Dr. M. Mesbahuddin Sarker', NULL, 'mesbah@gmail.com', NULL, '$2y$10$2.EHt35Wlter0oqoEraiwe3V1leclDlB4erfMy3/o7kBl3FhutavO', 'default.png', NULL, NULL, '2019-10-03 09:33:43', '2019-10-03 09:33:43'),
(13, 4, 'Md. Fazlul Karim Patwary', NULL, 'fazlul@gmail.com', NULL, '$2y$10$CRw60Xol7qzfYLzRi4yyjOoDnClBFBT89x.Oh77/OdbBE0lWYlnw.', 'default.png', NULL, NULL, '2019-10-03 09:37:35', '2019-10-03 09:37:35'),
(14, 4, 'Dr M Shamim Kaiser', NULL, 'kaiser@gmail.com', NULL, '$2y$10$SK0SblaC.B1SSXtq4Zqxv.zRmJP/nm.7aHSpU780naeKvm1Ys1O/.', 'default.png', NULL, NULL, '2019-10-08 10:01:09', '2019-10-08 10:01:09'),
(15, 4, 'K M Akkas Ali', NULL, 'akkas@gmail.com', NULL, '$2y$10$Vz4jPDPq5B1LeD2zn2RO5OtkNTxLI07Fld72UgzvOV4NCx9.1wX6y', 'default.png', NULL, NULL, '2019-10-09 07:04:40', '2019-10-09 07:04:40'),
(16, 4, 'Fahima Tabassum', NULL, 'fahima@gmail.com', NULL, '$2y$10$WKK7LIfAyh9cb6jGcApVxen1Kb/flguu./BxsdIXIZ4In8Uh//TQO', 'default.png', NULL, NULL, '2019-10-09 07:48:55', '2019-10-09 07:48:55'),
(17, 4, 'Dr. Risala Tasin Khan', NULL, 'risala@gmail.com', NULL, '$2y$10$6iXcUs0ow7cuL56xK1dIBu7dNj4J5xA10wZNc.8o/nxONIJUOh8D.', 'default.png', NULL, NULL, '2019-10-09 08:18:54', '2019-10-09 08:18:54'),
(18, 4, 'Dr. Md Whaiduzzaman', NULL, 'ripon@gmail.com', NULL, '$2y$10$jgxMsIBdYaMcgZBY25ctC.7zBuvDsGTAdWGokt67fXWc8Xq2cd0oG', 'default.png', NULL, NULL, '2019-10-09 09:21:53', '2019-10-09 09:21:53'),
(19, 4, 'Dr. Mohammad Abu Yousuf', NULL, 'may@gmail.com', NULL, '$2y$10$22LNbQdrF0/DZVJMki1SuepRbhnm9QlMHff/L3lwP9D1Y7EFVkhDO', 'default.png', NULL, NULL, '2019-10-09 09:48:42', '2019-10-09 09:48:42'),
(20, 4, 'Dr. Shamim Al Mamun', NULL, 'sam@gmail.com', NULL, '$2y$10$f0LxhjGNtMrkCdwM8YQ83u49SuJaXov6xFd.vhuGRHMl0Ux//aYu2', 'default.png', NULL, NULL, '2019-10-09 10:20:57', '2019-10-09 10:20:57'),
(21, 4, 'Dr. Mohammad Shahidul Islam', NULL, 'msi@gmail.com', NULL, '$2y$10$hrhxMgYc71aqyDturtF6Y.eHtMkivPOn7nNyDNYRi1MGc46pBCJry', 'default.png', NULL, NULL, '2019-10-09 10:25:50', '2019-10-09 10:25:50'),
(22, 4, 'Zamshed Iqbal Chowdhury', NULL, 'zic@gmail.com', NULL, '$2y$10$uqZiRI5trvpKLrVB1tpiRuHAx8s5F96OHjhR0FF3Rx0ddtJvnDsXy', 'default.png', NULL, NULL, '2019-10-09 10:36:55', '2019-10-09 10:36:55'),
(23, 4, 'Dr. Md. Sazzadur Rahman', NULL, 'msr@gmail.com', NULL, '$2y$10$CWCm3Wmn6vnYsUmegrPUyO6lnH.4eWN9p33ZMQctSFMUnwM6lXGNK', 'default.png', NULL, NULL, '2019-10-09 10:46:41', '2019-10-09 10:46:41'),
(24, 4, 'Dr. Rashed Mazumder', NULL, 'drm@gmail.com', NULL, '$2y$10$0i5zUI2Pgsictl7/ZJSSSek1UY81v7wrakc4/DSgJfBHF1LLP79zC', 'default.png', NULL, NULL, '2019-10-09 10:57:08', '2019-10-09 10:57:08');

-- --------------------------------------------------------

--
-- Table structure for table `years`
--

CREATE TABLE `years` (
  `id` bigint(20) UNSIGNED NOT NULL,
  `name` varchar(191) COLLATE utf8mb4_unicode_ci NOT NULL,
  `code` varchar(191) COLLATE utf8mb4_unicode_ci NOT NULL,
  `created_at` timestamp NULL DEFAULT NULL,
  `updated_at` timestamp NULL DEFAULT NULL
) ENGINE=InnoDB DEFAULT CHARSET=utf8mb4 COLLATE=utf8mb4_unicode_ci;

--
-- Dumping data for table `years`
--

INSERT INTO `years` (`id`, `name`, `code`, `created_at`, `updated_at`) VALUES
(1, 'First Year', '1', NULL, NULL),
(2, 'Second Year', '2', NULL, NULL),
(3, 'Third Year', '3', NULL, NULL),
(4, 'Forth Year', '4', NULL, NULL),
(5, 'Masters', '5', NULL, NULL);

-- --------------------------------------------------------

--
-- Table structure for table `year_heads`
--

CREATE TABLE `year_heads` (
  `id` bigint(20) UNSIGNED NOT NULL,
  `dept_id` bigint(20) UNSIGNED NOT NULL,
  `year_id` bigint(20) UNSIGNED NOT NULL,
  `session_id` bigint(20) UNSIGNED NOT NULL,
  `teacher_id` bigint(20) UNSIGNED NOT NULL,
  `created_at` timestamp NULL DEFAULT NULL,
  `updated_at` timestamp NULL DEFAULT NULL
) ENGINE=InnoDB DEFAULT CHARSET=utf8mb4 COLLATE=utf8mb4_unicode_ci;

--
-- Dumping data for table `year_heads`
--

INSERT INTO `year_heads` (`id`, `dept_id`, `year_id`, `session_id`, `teacher_id`, `created_at`, `updated_at`) VALUES
(1, 1, 4, 1, 1, '2019-07-30 19:39:49', '2019-07-30 19:39:49'),
(2, 1, 3, 1, 2, '2019-07-30 19:43:59', '2019-07-30 19:43:59'),
(4, 1, 3, 2, 3, '2019-07-30 20:00:24', '2019-07-30 20:00:24'),
(5, 1, 1, 1, 7, '2019-10-07 18:45:02', '2019-10-07 18:45:02'),
(6, 1, 2, 1, 9, '2019-10-07 18:46:19', '2019-10-07 18:46:19');

--
-- Indexes for dumped tables
--

--
-- Indexes for table `assignments`
--
ALTER TABLE `assignments`
  ADD PRIMARY KEY (`id`),
  ADD KEY `assignments_course_id_foreign` (`course_id`),
  ADD KEY `assignments_session_id_foreign` (`session_id`),
  ADD KEY `assignments_teacher_id_foreign` (`teacher_id`),
  ADD KEY `assignments_student_id_foreign` (`student_id`);

--
-- Indexes for table `attendances`
--
ALTER TABLE `attendances`
  ADD PRIMARY KEY (`id`),
  ADD KEY `attendances_course_id_foreign` (`course_id`),
  ADD KEY `attendances_teacher_id_foreign` (`teacher_id`),
  ADD KEY `attendances_student_id_foreign` (`student_id`);

--
-- Indexes for table `courses`
--
ALTER TABLE `courses`
  ADD PRIMARY KEY (`id`),
  ADD KEY `courses_dept_id_foreign` (`dept_id`);

--
-- Indexes for table `course_teachers`
--
ALTER TABLE `course_teachers`
  ADD PRIMARY KEY (`id`),
  ADD KEY `course_teachers_dept_id_foreign` (`dept_id`),
  ADD KEY `course_teachers_session_id_foreign` (`session_id`),
  ADD KEY `course_teachers_course_id_foreign` (`course_id`),
  ADD KEY `course_teachers_teacher_id_foreign` (`teacher_id`);

--
-- Indexes for table `depts`
--
ALTER TABLE `depts`
  ADD PRIMARY KEY (`id`),
  ADD UNIQUE KEY `depts_name_unique` (`name`),
  ADD UNIQUE KEY `depts_slug_unique` (`slug`);

--
-- Indexes for table `designations`
--
ALTER TABLE `designations`
  ADD PRIMARY KEY (`id`),
  ADD UNIQUE KEY `designations_name_unique` (`name`),
  ADD UNIQUE KEY `designations_slug_unique` (`slug`);

--
-- Indexes for table `externals`
--
ALTER TABLE `externals`
  ADD PRIMARY KEY (`id`),
  ADD KEY `externals_session_id_foreign` (`session_id`),
  ADD KEY `externals_dept_id_foreign` (`dept_id`),
  ADD KEY `externals_course_id_foreign` (`course_id`);

--
-- Indexes for table `final_marks`
--
ALTER TABLE `final_marks`
  ADD PRIMARY KEY (`id`),
  ADD KEY `final_marks_session_id_foreign` (`session_id`),
  ADD KEY `final_marks_dept_id_foreign` (`dept_id`),
  ADD KEY `final_marks_course_id_foreign` (`course_id`);

--
-- Indexes for table `halls`
--
ALTER TABLE `halls`
  ADD PRIMARY KEY (`id`),
  ADD UNIQUE KEY `halls_name_unique` (`name`),
  ADD UNIQUE KEY `halls_slug_unique` (`slug`);

--
-- Indexes for table `incourse_marks`
--
ALTER TABLE `incourse_marks`
  ADD PRIMARY KEY (`id`),
  ADD KEY `incourse_marks_session_id_foreign` (`session_id`),
  ADD KEY `incourse_marks_dept_id_foreign` (`dept_id`),
  ADD KEY `incourse_marks_course_id_foreign` (`course_id`);

--
-- Indexes for table `migrations`
--
ALTER TABLE `migrations`
  ADD PRIMARY KEY (`id`);

--
-- Indexes for table `password_resets`
--
ALTER TABLE `password_resets`
  ADD KEY `password_resets_email_index` (`email`);

--
-- Indexes for table `quizzes`
--
ALTER TABLE `quizzes`
  ADD PRIMARY KEY (`id`),
  ADD KEY `quizzes_course_id_foreign` (`course_id`),
  ADD KEY `quizzes_session_id_foreign` (`session_id`),
  ADD KEY `quizzes_teacher_id_foreign` (`teacher_id`),
  ADD KEY `quizzes_student_id_foreign` (`student_id`);

--
-- Indexes for table `reports`
--
ALTER TABLE `reports`
  ADD PRIMARY KEY (`id`),
  ADD KEY `reports_course_id_foreign` (`course_id`),
  ADD KEY `reports_session_id_foreign` (`session_id`),
  ADD KEY `reports_teacher_id_foreign` (`teacher_id`),
  ADD KEY `reports_student_id_foreign` (`student_id`);

--
-- Indexes for table `roles`
--
ALTER TABLE `roles`
  ADD PRIMARY KEY (`id`);

--
-- Indexes for table `semesters`
--
ALTER TABLE `semesters`
  ADD PRIMARY KEY (`id`),
  ADD UNIQUE KEY `semesters_name_unique` (`name`),
  ADD UNIQUE KEY `semesters_code_unique` (`code`);

--
-- Indexes for table `sessions`
--
ALTER TABLE `sessions`
  ADD PRIMARY KEY (`id`),
  ADD UNIQUE KEY `sessions_name_unique` (`name`);

--
-- Indexes for table `students`
--
ALTER TABLE `students`
  ADD PRIMARY KEY (`id`),
  ADD KEY `students_dept_id_foreign` (`dept_id`);

--
-- Indexes for table `teachers`
--
ALTER TABLE `teachers`
  ADD PRIMARY KEY (`id`),
  ADD KEY `teachers_dept_id_foreign` (`dept_id`),
  ADD KEY `teachers_designation_id_foreign` (`designation_id`);

--
-- Indexes for table `tutorials`
--
ALTER TABLE `tutorials`
  ADD PRIMARY KEY (`id`),
  ADD KEY `tutorials_course_id_foreign` (`course_id`),
  ADD KEY `tutorials_session_id_foreign` (`session_id`),
  ADD KEY `tutorials_teacher_id_foreign` (`teacher_id`),
  ADD KEY `tutorials_student_id_foreign` (`student_id`);

--
-- Indexes for table `users`
--
ALTER TABLE `users`
  ADD PRIMARY KEY (`id`),
  ADD UNIQUE KEY `users_email_unique` (`email`),
  ADD UNIQUE KEY `users_username_unique` (`username`);

--
-- Indexes for table `years`
--
ALTER TABLE `years`
  ADD PRIMARY KEY (`id`),
  ADD UNIQUE KEY `years_name_unique` (`name`),
  ADD UNIQUE KEY `years_code_unique` (`code`);

--
-- Indexes for table `year_heads`
--
ALTER TABLE `year_heads`
  ADD PRIMARY KEY (`id`),
  ADD KEY `year_heads_dept_id_foreign` (`dept_id`),
  ADD KEY `year_heads_year_id_foreign` (`year_id`),
  ADD KEY `year_heads_session_id_foreign` (`session_id`),
  ADD KEY `year_heads_teacher_id_foreign` (`teacher_id`);

--
-- AUTO_INCREMENT for dumped tables
--

--
-- AUTO_INCREMENT for table `assignments`
--
ALTER TABLE `assignments`
  MODIFY `id` bigint(20) UNSIGNED NOT NULL AUTO_INCREMENT, AUTO_INCREMENT=553;

--
-- AUTO_INCREMENT for table `attendances`
--
ALTER TABLE `attendances`
  MODIFY `id` bigint(20) UNSIGNED NOT NULL AUTO_INCREMENT, AUTO_INCREMENT=329;

--
-- AUTO_INCREMENT for table `courses`
--
ALTER TABLE `courses`
  MODIFY `id` bigint(20) UNSIGNED NOT NULL AUTO_INCREMENT, AUTO_INCREMENT=70;

--
-- AUTO_INCREMENT for table `course_teachers`
--
ALTER TABLE `course_teachers`
  MODIFY `id` bigint(20) UNSIGNED NOT NULL AUTO_INCREMENT, AUTO_INCREMENT=72;

--
-- AUTO_INCREMENT for table `depts`
--
ALTER TABLE `depts`
  MODIFY `id` bigint(20) UNSIGNED NOT NULL AUTO_INCREMENT, AUTO_INCREMENT=3;

--
-- AUTO_INCREMENT for table `designations`
--
ALTER TABLE `designations`
  MODIFY `id` bigint(20) UNSIGNED NOT NULL AUTO_INCREMENT, AUTO_INCREMENT=5;

--
-- AUTO_INCREMENT for table `externals`
--
ALTER TABLE `externals`
  MODIFY `id` bigint(20) UNSIGNED NOT NULL AUTO_INCREMENT, AUTO_INCREMENT=70;

--
-- AUTO_INCREMENT for table `final_marks`
--
ALTER TABLE `final_marks`
  MODIFY `id` bigint(20) UNSIGNED NOT NULL AUTO_INCREMENT, AUTO_INCREMENT=273;

--
-- AUTO_INCREMENT for table `halls`
--
ALTER TABLE `halls`
  MODIFY `id` bigint(20) UNSIGNED NOT NULL AUTO_INCREMENT, AUTO_INCREMENT=3;

--
-- AUTO_INCREMENT for table `incourse_marks`
--
ALTER TABLE `incourse_marks`
  MODIFY `id` bigint(20) UNSIGNED NOT NULL AUTO_INCREMENT, AUTO_INCREMENT=273;

--
-- AUTO_INCREMENT for table `migrations`
--
ALTER TABLE `migrations`
  MODIFY `id` int(10) UNSIGNED NOT NULL AUTO_INCREMENT, AUTO_INCREMENT=29;

--
-- AUTO_INCREMENT for table `quizzes`
--
ALTER TABLE `quizzes`
  MODIFY `id` bigint(20) UNSIGNED NOT NULL AUTO_INCREMENT, AUTO_INCREMENT=257;

--
-- AUTO_INCREMENT for table `reports`
--
ALTER TABLE `reports`
  MODIFY `id` bigint(20) UNSIGNED NOT NULL AUTO_INCREMENT, AUTO_INCREMENT=229;

--
-- AUTO_INCREMENT for table `roles`
--
ALTER TABLE `roles`
  MODIFY `id` bigint(20) UNSIGNED NOT NULL AUTO_INCREMENT, AUTO_INCREMENT=6;

--
-- AUTO_INCREMENT for table `semesters`
--
ALTER TABLE `semesters`
  MODIFY `id` bigint(20) UNSIGNED NOT NULL AUTO_INCREMENT, AUTO_INCREMENT=11;

--
-- AUTO_INCREMENT for table `sessions`
--
ALTER TABLE `sessions`
  MODIFY `id` bigint(20) UNSIGNED NOT NULL AUTO_INCREMENT, AUTO_INCREMENT=6;

--
-- AUTO_INCREMENT for table `students`
--
ALTER TABLE `students`
  MODIFY `id` bigint(20) UNSIGNED NOT NULL AUTO_INCREMENT, AUTO_INCREMENT=11;

--
-- AUTO_INCREMENT for table `teachers`
--
ALTER TABLE `teachers`
  MODIFY `id` bigint(20) UNSIGNED NOT NULL AUTO_INCREMENT, AUTO_INCREMENT=17;

--
-- AUTO_INCREMENT for table `tutorials`
--
ALTER TABLE `tutorials`
  MODIFY `id` bigint(20) UNSIGNED NOT NULL AUTO_INCREMENT, AUTO_INCREMENT=561;

--
-- AUTO_INCREMENT for table `users`
--
ALTER TABLE `users`
  MODIFY `id` bigint(20) UNSIGNED NOT NULL AUTO_INCREMENT, AUTO_INCREMENT=25;

--
-- AUTO_INCREMENT for table `years`
--
ALTER TABLE `years`
  MODIFY `id` bigint(20) UNSIGNED NOT NULL AUTO_INCREMENT, AUTO_INCREMENT=6;

--
-- AUTO_INCREMENT for table `year_heads`
--
ALTER TABLE `year_heads`
  MODIFY `id` bigint(20) UNSIGNED NOT NULL AUTO_INCREMENT, AUTO_INCREMENT=7;

--
-- Constraints for dumped tables
--

--
-- Constraints for table `assignments`
--
ALTER TABLE `assignments`
  ADD CONSTRAINT `assignments_course_id_foreign` FOREIGN KEY (`course_id`) REFERENCES `courses` (`id`) ON DELETE CASCADE,
  ADD CONSTRAINT `assignments_session_id_foreign` FOREIGN KEY (`session_id`) REFERENCES `sessions` (`id`) ON DELETE CASCADE,
  ADD CONSTRAINT `assignments_student_id_foreign` FOREIGN KEY (`student_id`) REFERENCES `students` (`id`) ON DELETE CASCADE,
  ADD CONSTRAINT `assignments_teacher_id_foreign` FOREIGN KEY (`teacher_id`) REFERENCES `teachers` (`id`) ON DELETE CASCADE;

--
-- Constraints for table `attendances`
--
ALTER TABLE `attendances`
  ADD CONSTRAINT `attendances_course_id_foreign` FOREIGN KEY (`course_id`) REFERENCES `courses` (`id`) ON DELETE CASCADE,
  ADD CONSTRAINT `attendances_student_id_foreign` FOREIGN KEY (`student_id`) REFERENCES `students` (`id`) ON DELETE CASCADE,
  ADD CONSTRAINT `attendances_teacher_id_foreign` FOREIGN KEY (`teacher_id`) REFERENCES `teachers` (`id`) ON DELETE CASCADE;

--
-- Constraints for table `courses`
--
ALTER TABLE `courses`
  ADD CONSTRAINT `courses_dept_id_foreign` FOREIGN KEY (`dept_id`) REFERENCES `depts` (`id`) ON DELETE CASCADE;

--
-- Constraints for table `course_teachers`
--
ALTER TABLE `course_teachers`
  ADD CONSTRAINT `course_teachers_course_id_foreign` FOREIGN KEY (`course_id`) REFERENCES `courses` (`id`) ON DELETE CASCADE,
  ADD CONSTRAINT `course_teachers_dept_id_foreign` FOREIGN KEY (`dept_id`) REFERENCES `depts` (`id`) ON DELETE CASCADE,
  ADD CONSTRAINT `course_teachers_session_id_foreign` FOREIGN KEY (`session_id`) REFERENCES `sessions` (`id`) ON DELETE CASCADE,
  ADD CONSTRAINT `course_teachers_teacher_id_foreign` FOREIGN KEY (`teacher_id`) REFERENCES `teachers` (`id`) ON DELETE CASCADE;

--
-- Constraints for table `externals`
--
ALTER TABLE `externals`
  ADD CONSTRAINT `externals_course_id_foreign` FOREIGN KEY (`course_id`) REFERENCES `courses` (`id`) ON DELETE CASCADE,
  ADD CONSTRAINT `externals_dept_id_foreign` FOREIGN KEY (`dept_id`) REFERENCES `depts` (`id`) ON DELETE CASCADE,
  ADD CONSTRAINT `externals_session_id_foreign` FOREIGN KEY (`session_id`) REFERENCES `sessions` (`id`) ON DELETE CASCADE;

--
-- Constraints for table `final_marks`
--
ALTER TABLE `final_marks`
  ADD CONSTRAINT `final_marks_course_id_foreign` FOREIGN KEY (`course_id`) REFERENCES `courses` (`id`) ON DELETE CASCADE,
  ADD CONSTRAINT `final_marks_dept_id_foreign` FOREIGN KEY (`dept_id`) REFERENCES `depts` (`id`) ON DELETE CASCADE,
  ADD CONSTRAINT `final_marks_session_id_foreign` FOREIGN KEY (`session_id`) REFERENCES `sessions` (`id`) ON DELETE CASCADE;

--
-- Constraints for table `incourse_marks`
--
ALTER TABLE `incourse_marks`
  ADD CONSTRAINT `incourse_marks_course_id_foreign` FOREIGN KEY (`course_id`) REFERENCES `courses` (`id`) ON DELETE CASCADE,
  ADD CONSTRAINT `incourse_marks_dept_id_foreign` FOREIGN KEY (`dept_id`) REFERENCES `depts` (`id`) ON DELETE CASCADE,
  ADD CONSTRAINT `incourse_marks_session_id_foreign` FOREIGN KEY (`session_id`) REFERENCES `sessions` (`id`) ON DELETE CASCADE;

--
-- Constraints for table `quizzes`
--
ALTER TABLE `quizzes`
  ADD CONSTRAINT `quizzes_course_id_foreign` FOREIGN KEY (`course_id`) REFERENCES `courses` (`id`) ON DELETE CASCADE,
  ADD CONSTRAINT `quizzes_session_id_foreign` FOREIGN KEY (`session_id`) REFERENCES `sessions` (`id`) ON DELETE CASCADE,
  ADD CONSTRAINT `quizzes_student_id_foreign` FOREIGN KEY (`student_id`) REFERENCES `students` (`id`) ON DELETE CASCADE,
  ADD CONSTRAINT `quizzes_teacher_id_foreign` FOREIGN KEY (`teacher_id`) REFERENCES `teachers` (`id`) ON DELETE CASCADE;

--
-- Constraints for table `reports`
--
ALTER TABLE `reports`
  ADD CONSTRAINT `reports_course_id_foreign` FOREIGN KEY (`course_id`) REFERENCES `courses` (`id`) ON DELETE CASCADE,
  ADD CONSTRAINT `reports_session_id_foreign` FOREIGN KEY (`session_id`) REFERENCES `sessions` (`id`) ON DELETE CASCADE,
  ADD CONSTRAINT `reports_student_id_foreign` FOREIGN KEY (`student_id`) REFERENCES `students` (`id`) ON DELETE CASCADE,
  ADD CONSTRAINT `reports_teacher_id_foreign` FOREIGN KEY (`teacher_id`) REFERENCES `teachers` (`id`) ON DELETE CASCADE;

--
-- Constraints for table `students`
--
ALTER TABLE `students`
  ADD CONSTRAINT `students_dept_id_foreign` FOREIGN KEY (`dept_id`) REFERENCES `depts` (`id`) ON DELETE CASCADE;

--
-- Constraints for table `teachers`
--
ALTER TABLE `teachers`
  ADD CONSTRAINT `teachers_dept_id_foreign` FOREIGN KEY (`dept_id`) REFERENCES `depts` (`id`) ON DELETE CASCADE,
  ADD CONSTRAINT `teachers_designation_id_foreign` FOREIGN KEY (`designation_id`) REFERENCES `designations` (`id`) ON DELETE CASCADE;

--
-- Constraints for table `tutorials`
--
ALTER TABLE `tutorials`
  ADD CONSTRAINT `tutorials_course_id_foreign` FOREIGN KEY (`course_id`) REFERENCES `courses` (`id`) ON DELETE CASCADE,
  ADD CONSTRAINT `tutorials_session_id_foreign` FOREIGN KEY (`session_id`) REFERENCES `sessions` (`id`) ON DELETE CASCADE,
  ADD CONSTRAINT `tutorials_student_id_foreign` FOREIGN KEY (`student_id`) REFERENCES `students` (`id`) ON DELETE CASCADE,
  ADD CONSTRAINT `tutorials_teacher_id_foreign` FOREIGN KEY (`teacher_id`) REFERENCES `teachers` (`id`) ON DELETE CASCADE;

--
-- Constraints for table `year_heads`
--
ALTER TABLE `year_heads`
  ADD CONSTRAINT `year_heads_dept_id_foreign` FOREIGN KEY (`dept_id`) REFERENCES `depts` (`id`) ON DELETE CASCADE,
  ADD CONSTRAINT `year_heads_session_id_foreign` FOREIGN KEY (`session_id`) REFERENCES `sessions` (`id`) ON DELETE CASCADE,
  ADD CONSTRAINT `year_heads_teacher_id_foreign` FOREIGN KEY (`teacher_id`) REFERENCES `teachers` (`id`) ON DELETE CASCADE,
  ADD CONSTRAINT `year_heads_year_id_foreign` FOREIGN KEY (`year_id`) REFERENCES `years` (`id`) ON DELETE CASCADE;
COMMIT;

/*!40101 SET CHARACTER_SET_CLIENT=@OLD_CHARACTER_SET_CLIENT */;
/*!40101 SET CHARACTER_SET_RESULTS=@OLD_CHARACTER_SET_RESULTS */;
/*!40101 SET COLLATION_CONNECTION=@OLD_COLLATION_CONNECTION */;
